measurement_id,provenance_layer,source_id,source_citation,lithology,sample_state,natural_setting,location_precision,sample_group_id,parent_group_id,component_label,physical_specimens_represented,measurement_family,geometry_class,statistic_type,value,value_min,value_max,auxiliary_statistic_type,auxiliary_value,unit,native_definition,method,weighting_or_definition,observation_window_or_detection_limit,depth_stress_state_context,source_locator,value_text_raw,notes
LITM-0001,park_santamarina_benchmark,LIT-001,Park & Santamarina (2020),unconsolidated sand/sediment,natural soil,Park & Santamarina S2 source-specific group,source-specific; not mapped here,PARK-S2-UNC-NAT-01,PARK-S2-UNC-NAT-01,Bothkennar clay,one named S2 dataset/group; underlying specimen count source-specific,pore_size,fitted pore-scale distribution,fitted distribution mean,1.58,,,,,um,Park & Santamarina Table S2 mean pore diameter μd; source-specific fitted distribution component,source-dependent distribution fitted by Park & Santamarina,source-dependent; retain S2 component and cited source reference,,,"Park & Santamarina 2020 Supplementary Table S2, group 1, Ref. 3",,One row per named fitted component. Bimodal components share a parent group; neither components nor parameters are individual pores.
LITM-0002,park_santamarina_benchmark,LIT-001,Park & Santamarina (2020),unconsolidated sand/sediment,natural soil,Park & Santamarina S2 source-specific group,source-specific; not mapped here,PARK-S2-UNC-NAT-01,PARK-S2-UNC-NAT-01,Bothkennar clay,one named S2 dataset/group; underlying specimen count source-specific,pore_size,fitted pore-scale distribution,fitted distribution standard deviation,0.57,,,,,um,Park & Santamarina Table S2 mean pore diameter μd; source-specific fitted distribution component,source-dependent distribution fitted by Park & Santamarina,source-dependent; retain S2 component and cited source reference,,,"Park & Santamarina 2020 Supplementary Table S2, group 1, Ref. 3",,One row per named fitted component. Bimodal components share a parent group; neither components nor parameters are individual pores.
LITM-0003,park_santamarina_benchmark,LIT-001,Park & Santamarina (2020),unconsolidated sand/sediment,natural soil,Park & Santamarina S2 source-specific group,source-specific; not mapped here,PARK-S2-UNC-NAT-02,PARK-S2-UNC-NAT-02,Osaka clay (Ma11),one named S2 dataset/group; underlying specimen count source-specific,pore_size,fitted pore-scale distribution,fitted distribution mean,0.43,,,,,um,Park & Santamarina Table S2 mean pore diameter μd; source-specific fitted distribution component,source-dependent distribution fitted by Park & Santamarina,source-dependent; retain S2 component and cited source reference,,,"Park & Santamarina 2020 Supplementary Table S2, group 2, Ref. 3",,One row per named fitted component. Bimodal components share a parent group; neither components nor parameters are individual pores.
LITM-0004,park_santamarina_benchmark,LIT-001,Park & Santamarina (2020),unconsolidated sand/sediment,natural soil,Park & Santamarina S2 source-specific group,source-specific; not mapped here,PARK-S2-UNC-NAT-02,PARK-S2-UNC-NAT-02,Osaka clay (Ma11),one named S2 dataset/group; underlying specimen count source-specific,pore_size,fitted pore-scale distribution,fitted distribution standard deviation,0.17,,,,,um,Park & Santamarina Table S2 mean pore diameter μd; source-specific fitted distribution component,source-dependent distribution fitted by Park & Santamarina,source-dependent; retain S2 component and cited source reference,,,"Park & Santamarina 2020 Supplementary Table S2, group 2, Ref. 3",,One row per named fitted component. Bimodal components share a parent group; neither components nor parameters are individual pores.
LITM-0005,park_santamarina_benchmark,LIT-001,Park & Santamarina (2020),unconsolidated sand/sediment,natural soil,Park & Santamarina S2 source-specific group,source-specific; not mapped here,PARK-S2-UNC-NAT-03,PARK-S2-UNC-NAT-03,Kyoto clay (Ma4),one named S2 dataset/group; underlying specimen count source-specific,pore_size,fitted pore-scale distribution,fitted distribution mean,0.33,,,,,um,Park & Santamarina Table S2 mean pore diameter μd; source-specific fitted distribution component,source-dependent distribution fitted by Park & Santamarina,source-dependent; retain S2 component and cited source reference,,,"Park & Santamarina 2020 Supplementary Table S2, group 3, Ref. 3",,One row per named fitted component. Bimodal components share a parent group; neither components nor parameters are individual pores.
LITM-0006,park_santamarina_benchmark,LIT-001,Park & Santamarina (2020),unconsolidated sand/sediment,natural soil,Park & Santamarina S2 source-specific group,source-specific; not mapped here,PARK-S2-UNC-NAT-03,PARK-S2-UNC-NAT-03,Kyoto clay (Ma4),one named S2 dataset/group; underlying specimen count source-specific,pore_size,fitted pore-scale distribution,fitted distribution standard deviation,0.13,,,,,um,Park & Santamarina Table S2 mean pore diameter μd; source-specific fitted distribution component,source-dependent distribution fitted by Park & Santamarina,source-dependent; retain S2 component and cited source reference,,,"Park & Santamarina 2020 Supplementary Table S2, group 3, Ref. 3",,One row per named fitted component. Bimodal components share a parent group; neither components nor parameters are individual pores.
LITM-0007,park_santamarina_benchmark,LIT-001,Park & Santamarina (2020),unconsolidated sand/sediment,natural soil,Park & Santamarina S2 source-specific group,source-specific; not mapped here,PARK-S2-UNC-NAT-04,PARK-S2-UNC-NAT-04,Osaka clay (Ma13),one named S2 dataset/group; underlying specimen count source-specific,pore_size,fitted pore-scale distribution,fitted distribution mean,1.36,,,,,um,Park & Santamarina Table S2 mean pore diameter μd; source-specific fitted distribution component,source-dependent distribution fitted by Park & Santamarina,source-dependent; retain S2 component and cited source reference,,,"Park & Santamarina 2020 Supplementary Table S2, group 4, Ref. 3",,One row per named fitted component. Bimodal components share a parent group; neither components nor parameters are individual pores.
LITM-0008,park_santamarina_benchmark,LIT-001,Park & Santamarina (2020),unconsolidated sand/sediment,natural soil,Park & Santamarina S2 source-specific group,source-specific; not mapped here,PARK-S2-UNC-NAT-04,PARK-S2-UNC-NAT-04,Osaka clay (Ma13),one named S2 dataset/group; underlying specimen count source-specific,pore_size,fitted pore-scale distribution,fitted distribution standard deviation,0.49,,,,,um,Park & Santamarina Table S2 mean pore diameter μd; source-specific fitted distribution component,source-dependent distribution fitted by Park & Santamarina,source-dependent; retain S2 component and cited source reference,,,"Park & Santamarina 2020 Supplementary Table S2, group 4, Ref. 3",,One row per named fitted component. Bimodal components share a parent group; neither components nor parameters are individual pores.
LITM-0009,park_santamarina_benchmark,LIT-001,Park & Santamarina (2020),unconsolidated sand/sediment,natural soil,Park & Santamarina S2 source-specific group,source-specific; not mapped here,PARK-S2-UNC-NAT-05,PARK-S2-UNC-NAT-05,Soil A,one named S2 dataset/group; underlying specimen count source-specific,pore_size,fitted pore-scale distribution,fitted distribution mean,178.4,,,,,um,Park & Santamarina Table S2 mean pore diameter μd; source-specific fitted distribution component,source-dependent distribution fitted by Park & Santamarina,source-dependent; retain S2 component and cited source reference,,,"Park & Santamarina 2020 Supplementary Table S2, group 5, Ref. 4",,One row per named fitted component. Bimodal components share a parent group; neither components nor parameters are individual pores.
LITM-0010,park_santamarina_benchmark,LIT-001,Park & Santamarina (2020),unconsolidated sand/sediment,natural soil,Park & Santamarina S2 source-specific group,source-specific; not mapped here,PARK-S2-UNC-NAT-05,PARK-S2-UNC-NAT-05,Soil A,one named S2 dataset/group; underlying specimen count source-specific,pore_size,fitted pore-scale distribution,fitted distribution standard deviation,47.2,,,,,um,Park & Santamarina Table S2 mean pore diameter μd; source-specific fitted distribution component,source-dependent distribution fitted by Park & Santamarina,source-dependent; retain S2 component and cited source reference,,,"Park & Santamarina 2020 Supplementary Table S2, group 5, Ref. 4",,One row per named fitted component. Bimodal components share a parent group; neither components nor parameters are individual pores.
LITM-0011,park_santamarina_benchmark,LIT-001,Park & Santamarina (2020),unconsolidated sand/sediment,natural soil,Park & Santamarina S2 source-specific group,source-specific; not mapped here,PARK-S2-UNC-NAT-06,PARK-S2-UNC-NAT-06,GB-0.2,one named S2 dataset/group; underlying specimen count source-specific,pore_size,fitted pore-scale distribution,fitted distribution mean,38.5,,,,,um,Park & Santamarina Table S2 mean pore diameter μd; source-specific fitted distribution component,source-dependent distribution fitted by Park & Santamarina,source-dependent; retain S2 component and cited source reference,,,"Park & Santamarina 2020 Supplementary Table S2, group 6, Ref. 5",,One row per named fitted component. Bimodal components share a parent group; neither components nor parameters are individual pores.
LITM-0012,park_santamarina_benchmark,LIT-001,Park & Santamarina (2020),unconsolidated sand/sediment,natural soil,Park & Santamarina S2 source-specific group,source-specific; not mapped here,PARK-S2-UNC-NAT-06,PARK-S2-UNC-NAT-06,GB-0.2,one named S2 dataset/group; underlying specimen count source-specific,pore_size,fitted pore-scale distribution,fitted distribution standard deviation,50.4,,,,,um,Park & Santamarina Table S2 mean pore diameter μd; source-specific fitted distribution component,source-dependent distribution fitted by Park & Santamarina,source-dependent; retain S2 component and cited source reference,,,"Park & Santamarina 2020 Supplementary Table S2, group 6, Ref. 5",,One row per named fitted component. Bimodal components share a parent group; neither components nor parameters are individual pores.
LITM-0013,park_santamarina_benchmark,LIT-001,Park & Santamarina (2020),unconsolidated sand/sediment,natural soil,Park & Santamarina S2 source-specific group,source-specific; not mapped here,PARK-S2-UNC-NAT-07,PARK-S2-UNC-NAT-07,Pusan clay 1,one named S2 dataset/group; underlying specimen count source-specific,pore_size,fitted pore-scale distribution,fitted distribution mean,0.33,,,,,um,Park & Santamarina Table S2 mean pore diameter μd; source-specific fitted distribution component,source-dependent distribution fitted by Park & Santamarina,source-dependent; retain S2 component and cited source reference,,,"Park & Santamarina 2020 Supplementary Table S2, group 7, Ref. 6",,One row per named fitted component. Bimodal components share a parent group; neither components nor parameters are individual pores.
LITM-0014,park_santamarina_benchmark,LIT-001,Park & Santamarina (2020),unconsolidated sand/sediment,natural soil,Park & Santamarina S2 source-specific group,source-specific; not mapped here,PARK-S2-UNC-NAT-07,PARK-S2-UNC-NAT-07,Pusan clay 1,one named S2 dataset/group; underlying specimen count source-specific,pore_size,fitted pore-scale distribution,fitted distribution standard deviation,0.14,,,,,um,Park & Santamarina Table S2 mean pore diameter μd; source-specific fitted distribution component,source-dependent distribution fitted by Park & Santamarina,source-dependent; retain S2 component and cited source reference,,,"Park & Santamarina 2020 Supplementary Table S2, group 7, Ref. 6",,One row per named fitted component. Bimodal components share a parent group; neither components nor parameters are individual pores.
LITM-0015,park_santamarina_benchmark,LIT-001,Park & Santamarina (2020),unconsolidated sand/sediment,natural soil,Park & Santamarina S2 source-specific group,source-specific; not mapped here,PARK-S2-UNC-NAT-08,PARK-S2-UNC-NAT-08,Pusan clay 5,one named S2 dataset/group; underlying specimen count source-specific,pore_size,fitted pore-scale distribution,fitted distribution mean,0.75,,,,,um,Park & Santamarina Table S2 mean pore diameter μd; source-specific fitted distribution component,source-dependent distribution fitted by Park & Santamarina,source-dependent; retain S2 component and cited source reference,,,"Park & Santamarina 2020 Supplementary Table S2, group 8, Ref. 6",,One row per named fitted component. Bimodal components share a parent group; neither components nor parameters are individual pores.
LITM-0016,park_santamarina_benchmark,LIT-001,Park & Santamarina (2020),unconsolidated sand/sediment,natural soil,Park & Santamarina S2 source-specific group,source-specific; not mapped here,PARK-S2-UNC-NAT-08,PARK-S2-UNC-NAT-08,Pusan clay 5,one named S2 dataset/group; underlying specimen count source-specific,pore_size,fitted pore-scale distribution,fitted distribution standard deviation,0.33,,,,,um,Park & Santamarina Table S2 mean pore diameter μd; source-specific fitted distribution component,source-dependent distribution fitted by Park & Santamarina,source-dependent; retain S2 component and cited source reference,,,"Park & Santamarina 2020 Supplementary Table S2, group 8, Ref. 6",,One row per named fitted component. Bimodal components share a parent group; neither components nor parameters are individual pores.
LITM-0017,park_santamarina_benchmark,LIT-001,Park & Santamarina (2020),unconsolidated sand/sediment,natural soil,Park & Santamarina S2 source-specific group,source-specific; not mapped here,PARK-S2-UNC-NAT-09,PARK-S2-UNC-NAT-09,Fontainebleau,one named S2 dataset/group; underlying specimen count source-specific,pore_size,fitted pore-scale distribution,fitted distribution mean,6.87,,,,,um,Park & Santamarina Table S2 mean pore diameter μd; source-specific fitted distribution component,source-dependent distribution fitted by Park & Santamarina,source-dependent; retain S2 component and cited source reference,,,"Park & Santamarina 2020 Supplementary Table S2, group 9, Ref. 7",,One row per named fitted component. Bimodal components share a parent group; neither components nor parameters are individual pores.
LITM-0018,park_santamarina_benchmark,LIT-001,Park & Santamarina (2020),unconsolidated sand/sediment,natural soil,Park & Santamarina S2 source-specific group,source-specific; not mapped here,PARK-S2-UNC-NAT-09,PARK-S2-UNC-NAT-09,Fontainebleau,one named S2 dataset/group; underlying specimen count source-specific,pore_size,fitted pore-scale distribution,fitted distribution standard deviation,1.60,,,,,um,Park & Santamarina Table S2 mean pore diameter μd; source-specific fitted distribution component,source-dependent distribution fitted by Park & Santamarina,source-dependent; retain S2 component and cited source reference,,,"Park & Santamarina 2020 Supplementary Table S2, group 9, Ref. 7",,One row per named fitted component. Bimodal components share a parent group; neither components nor parameters are individual pores.
LITM-0019,park_santamarina_benchmark,LIT-001,Park & Santamarina (2020),unconsolidated sand/sediment,natural soil,Park & Santamarina S2 source-specific group,source-specific; not mapped here,PARK-S2-UNC-NAT-10,PARK-S2-UNC-NAT-10,Brown Agra,one named S2 dataset/group; underlying specimen count source-specific,pore_size,fitted pore-scale distribution,fitted distribution mean,7.14,,,,,um,Park & Santamarina Table S2 mean pore diameter μd; source-specific fitted distribution component,source-dependent distribution fitted by Park & Santamarina,source-dependent; retain S2 component and cited source reference,,,"Park & Santamarina 2020 Supplementary Table S2, group 10, Ref. 7",,One row per named fitted component. Bimodal components share a parent group; neither components nor parameters are individual pores.
LITM-0020,park_santamarina_benchmark,LIT-001,Park & Santamarina (2020),unconsolidated sand/sediment,natural soil,Park & Santamarina S2 source-specific group,source-specific; not mapped here,PARK-S2-UNC-NAT-10,PARK-S2-UNC-NAT-10,Brown Agra,one named S2 dataset/group; underlying specimen count source-specific,pore_size,fitted pore-scale distribution,fitted distribution standard deviation,1.67,,,,,um,Park & Santamarina Table S2 mean pore diameter μd; source-specific fitted distribution component,source-dependent distribution fitted by Park & Santamarina,source-dependent; retain S2 component and cited source reference,,,"Park & Santamarina 2020 Supplementary Table S2, group 10, Ref. 7",,One row per named fitted component. Bimodal components share a parent group; neither components nor parameters are individual pores.
LITM-0021,park_santamarina_benchmark,LIT-001,Park & Santamarina (2020),unconsolidated sand/sediment,natural soil,Park & Santamarina S2 source-specific group,source-specific; not mapped here,PARK-S2-UNC-NAT-11,PARK-S2-UNC-NAT-11,green Agra,one named S2 dataset/group; underlying specimen count source-specific,pore_size,fitted pore-scale distribution,fitted distribution mean,0.11,,,,,um,Park & Santamarina Table S2 mean pore diameter μd; source-specific fitted distribution component,source-dependent distribution fitted by Park & Santamarina,source-dependent; retain S2 component and cited source reference,,,"Park & Santamarina 2020 Supplementary Table S2, group 11, Ref. 7",,One row per named fitted component. Bimodal components share a parent group; neither components nor parameters are individual pores.
LITM-0022,park_santamarina_benchmark,LIT-001,Park & Santamarina (2020),unconsolidated sand/sediment,natural soil,Park & Santamarina S2 source-specific group,source-specific; not mapped here,PARK-S2-UNC-NAT-11,PARK-S2-UNC-NAT-11,green Agra,one named S2 dataset/group; underlying specimen count source-specific,pore_size,fitted pore-scale distribution,fitted distribution standard deviation,0.03,,,,,um,Park & Santamarina Table S2 mean pore diameter μd; source-specific fitted distribution component,source-dependent distribution fitted by Park & Santamarina,source-dependent; retain S2 component and cited source reference,,,"Park & Santamarina 2020 Supplementary Table S2, group 11, Ref. 7",,One row per named fitted component. Bimodal components share a parent group; neither components nor parameters are individual pores.
LITM-0023,park_santamarina_benchmark,LIT-001,Park & Santamarina (2020),unconsolidated sand/sediment,natural soil,Park & Santamarina S2 source-specific group,source-specific; not mapped here,PARK-S2-UNC-NAT-12,PARK-S2-UNC-NAT-12,Roche fine,one named S2 dataset/group; underlying specimen count source-specific,pore_size,fitted pore-scale distribution,fitted distribution mean,26.4,,,,,um,Park & Santamarina Table S2 mean pore diameter μd; source-specific fitted distribution component,source-dependent distribution fitted by Park & Santamarina,source-dependent; retain S2 component and cited source reference,,,"Park & Santamarina 2020 Supplementary Table S2, group 12, Ref. 7",,One row per named fitted component. Bimodal components share a parent group; neither components nor parameters are individual pores.
LITM-0024,park_santamarina_benchmark,LIT-001,Park & Santamarina (2020),unconsolidated sand/sediment,natural soil,Park & Santamarina S2 source-specific group,source-specific; not mapped here,PARK-S2-UNC-NAT-12,PARK-S2-UNC-NAT-12,Roche fine,one named S2 dataset/group; underlying specimen count source-specific,pore_size,fitted pore-scale distribution,fitted distribution standard deviation,4.53,,,,,um,Park & Santamarina Table S2 mean pore diameter μd; source-specific fitted distribution component,source-dependent distribution fitted by Park & Santamarina,source-dependent; retain S2 component and cited source reference,,,"Park & Santamarina 2020 Supplementary Table S2, group 12, Ref. 7",,One row per named fitted component. Bimodal components share a parent group; neither components nor parameters are individual pores.
LITM-0025,park_santamarina_benchmark,LIT-001,Park & Santamarina (2020),unconsolidated sand/sediment,natural soil,Park & Santamarina S2 source-specific group,source-specific; not mapped here,PARK-S2-UNC-NAT-13,PARK-S2-UNC-NAT-13,Liais,one named S2 dataset/group; underlying specimen count source-specific,pore_size,fitted pore-scale distribution,fitted distribution mean,0.20,,,,,um,Park & Santamarina Table S2 mean pore diameter μd; source-specific fitted distribution component,source-dependent distribution fitted by Park & Santamarina,source-dependent; retain S2 component and cited source reference,,,"Park & Santamarina 2020 Supplementary Table S2, group 13, Ref. 7",,One row per named fitted component. Bimodal components share a parent group; neither components nor parameters are individual pores.
LITM-0026,park_santamarina_benchmark,LIT-001,Park & Santamarina (2020),unconsolidated sand/sediment,natural soil,Park & Santamarina S2 source-specific group,source-specific; not mapped here,PARK-S2-UNC-NAT-13,PARK-S2-UNC-NAT-13,Liais,one named S2 dataset/group; underlying specimen count source-specific,pore_size,fitted pore-scale distribution,fitted distribution standard deviation,0.10,,,,,um,Park & Santamarina Table S2 mean pore diameter μd; source-specific fitted distribution component,source-dependent distribution fitted by Park & Santamarina,source-dependent; retain S2 component and cited source reference,,,"Park & Santamarina 2020 Supplementary Table S2, group 13, Ref. 7",,One row per named fitted component. Bimodal components share a parent group; neither components nor parameters are individual pores.
LITM-0027,park_santamarina_benchmark,LIT-001,Park & Santamarina (2020),unconsolidated sand/sediment,natural soil,Park & Santamarina S2 source-specific group,source-specific; not mapped here,PARK-S2-UNC-NAT-14,PARK-S2-UNC-NAT-14,St Guillaume clay,one named S2 dataset/group; underlying specimen count source-specific,pore_size,fitted pore-scale distribution,fitted distribution mean,0.14,,,,,um,Park & Santamarina Table S2 mean pore diameter μd; source-specific fitted distribution component,source-dependent distribution fitted by Park & Santamarina,source-dependent; retain S2 component and cited source reference,,,"Park & Santamarina 2020 Supplementary Table S2, group 14, Ref. 8",,One row per named fitted component. Bimodal components share a parent group; neither components nor parameters are individual pores.
LITM-0028,park_santamarina_benchmark,LIT-001,Park & Santamarina (2020),unconsolidated sand/sediment,natural soil,Park & Santamarina S2 source-specific group,source-specific; not mapped here,PARK-S2-UNC-NAT-14,PARK-S2-UNC-NAT-14,St Guillaume clay,one named S2 dataset/group; underlying specimen count source-specific,pore_size,fitted pore-scale distribution,fitted distribution standard deviation,0.20,,,,,um,Park & Santamarina Table S2 mean pore diameter μd; source-specific fitted distribution component,source-dependent distribution fitted by Park & Santamarina,source-dependent; retain S2 component and cited source reference,,,"Park & Santamarina 2020 Supplementary Table S2, group 14, Ref. 8",,One row per named fitted component. Bimodal components share a parent group; neither components nor parameters are individual pores.
LITM-0029,park_santamarina_benchmark,LIT-001,Park & Santamarina (2020),unconsolidated sand/sediment,remoulded soil,Park & Santamarina S2 source-specific group,source-specific; not mapped here,PARK-S2-UNC-REM-01,PARK-S2-UNC-REM-01,Soil B,one named S2 dataset/group; underlying specimen count source-specific,pore_size,fitted pore-scale distribution,fitted distribution mean,121.3,,,,,um,Park & Santamarina Table S2 mean pore diameter μd; source-specific fitted distribution component,source-dependent distribution fitted by Park & Santamarina,source-dependent; retain S2 component and cited source reference,,,"Park & Santamarina 2020 Supplementary Table S2, group 1, Ref. 4",,One row per named fitted component. Bimodal components share a parent group; neither components nor parameters are individual pores.
LITM-0030,park_santamarina_benchmark,LIT-001,Park & Santamarina (2020),unconsolidated sand/sediment,remoulded soil,Park & Santamarina S2 source-specific group,source-specific; not mapped here,PARK-S2-UNC-REM-01,PARK-S2-UNC-REM-01,Soil B,one named S2 dataset/group; underlying specimen count source-specific,pore_size,fitted pore-scale distribution,fitted distribution standard deviation,38.5,,,,,um,Park & Santamarina Table S2 mean pore diameter μd; source-specific fitted distribution component,source-dependent distribution fitted by Park & Santamarina,source-dependent; retain S2 component and cited source reference,,,"Park & Santamarina 2020 Supplementary Table S2, group 1, Ref. 4",,One row per named fitted component. Bimodal components share a parent group; neither components nor parameters are individual pores.
LITM-0031,park_santamarina_benchmark,LIT-001,Park & Santamarina (2020),unconsolidated sand/sediment,remoulded soil,Park & Santamarina S2 source-specific group,source-specific; not mapped here,PARK-S2-UNC-REM-02,PARK-S2-UNC-REM-02,Soil C,one named S2 dataset/group; underlying specimen count source-specific,pore_size,fitted pore-scale distribution,fitted distribution mean,27.7,,,,,um,Park & Santamarina Table S2 mean pore diameter μd; source-specific fitted distribution component,source-dependent distribution fitted by Park & Santamarina,source-dependent; retain S2 component and cited source reference,,,"Park & Santamarina 2020 Supplementary Table S2, group 2, Ref. 4",,One row per named fitted component. Bimodal components share a parent group; neither components nor parameters are individual pores.
LITM-0032,park_santamarina_benchmark,LIT-001,Park & Santamarina (2020),unconsolidated sand/sediment,remoulded soil,Park & Santamarina S2 source-specific group,source-specific; not mapped here,PARK-S2-UNC-REM-02,PARK-S2-UNC-REM-02,Soil C,one named S2 dataset/group; underlying specimen count source-specific,pore_size,fitted pore-scale distribution,fitted distribution standard deviation,10.0,,,,,um,Park & Santamarina Table S2 mean pore diameter μd; source-specific fitted distribution component,source-dependent distribution fitted by Park & Santamarina,source-dependent; retain S2 component and cited source reference,,,"Park & Santamarina 2020 Supplementary Table S2, group 2, Ref. 4",,One row per named fitted component. Bimodal components share a parent group; neither components nor parameters are individual pores.
LITM-0033,park_santamarina_benchmark,LIT-001,Park & Santamarina (2020),unconsolidated sand/sediment,remoulded soil,Park & Santamarina S2 source-specific group,source-specific; not mapped here,PARK-S2-UNC-REM-03,PARK-S2-UNC-REM-03,Soil A - High,one named S2 dataset/group; underlying specimen count source-specific,pore_size,fitted pore-scale distribution,fitted distribution mean,169.2,,,,,um,Park & Santamarina Table S2 mean pore diameter μd; source-specific fitted distribution component,source-dependent distribution fitted by Park & Santamarina,source-dependent; retain S2 component and cited source reference,,,"Park & Santamarina 2020 Supplementary Table S2, group 3, Ref. 4",,One row per named fitted component. Bimodal components share a parent group; neither components nor parameters are individual pores.
LITM-0034,park_santamarina_benchmark,LIT-001,Park & Santamarina (2020),unconsolidated sand/sediment,remoulded soil,Park & Santamarina S2 source-specific group,source-specific; not mapped here,PARK-S2-UNC-REM-03,PARK-S2-UNC-REM-03,Soil A - High,one named S2 dataset/group; underlying specimen count source-specific,pore_size,fitted pore-scale distribution,fitted distribution standard deviation,42.9,,,,,um,Park & Santamarina Table S2 mean pore diameter μd; source-specific fitted distribution component,source-dependent distribution fitted by Park & Santamarina,source-dependent; retain S2 component and cited source reference,,,"Park & Santamarina 2020 Supplementary Table S2, group 3, Ref. 4",,One row per named fitted component. Bimodal components share a parent group; neither components nor parameters are individual pores.
LITM-0035,park_santamarina_benchmark,LIT-001,Park & Santamarina (2020),unconsolidated sand/sediment,remoulded soil,Park & Santamarina S2 source-specific group,source-specific; not mapped here,PARK-S2-UNC-REM-04,PARK-S2-UNC-REM-04,Soil A - Low,one named S2 dataset/group; underlying specimen count source-specific,pore_size,fitted pore-scale distribution,fitted distribution mean,233.0,,,,,um,Park & Santamarina Table S2 mean pore diameter μd; source-specific fitted distribution component,source-dependent distribution fitted by Park & Santamarina,source-dependent; retain S2 component and cited source reference,,,"Park & Santamarina 2020 Supplementary Table S2, group 4, Ref. 4",,One row per named fitted component. Bimodal components share a parent group; neither components nor parameters are individual pores.
LITM-0036,park_santamarina_benchmark,LIT-001,Park & Santamarina (2020),unconsolidated sand/sediment,remoulded soil,Park & Santamarina S2 source-specific group,source-specific; not mapped here,PARK-S2-UNC-REM-04,PARK-S2-UNC-REM-04,Soil A - Low,one named S2 dataset/group; underlying specimen count source-specific,pore_size,fitted pore-scale distribution,fitted distribution standard deviation,84.1,,,,,um,Park & Santamarina Table S2 mean pore diameter μd; source-specific fitted distribution component,source-dependent distribution fitted by Park & Santamarina,source-dependent; retain S2 component and cited source reference,,,"Park & Santamarina 2020 Supplementary Table S2, group 4, Ref. 4",,One row per named fitted component. Bimodal components share a parent group; neither components nor parameters are individual pores.
LITM-0037,park_santamarina_benchmark,LIT-001,Park & Santamarina (2020),unconsolidated sand/sediment,remoulded soil,Park & Santamarina S2 source-specific group,source-specific; not mapped here,PARK-S2-UNC-REM-05,PARK-S2-UNC-REM-05,Soil C - Low,one named S2 dataset/group; underlying specimen count source-specific,pore_size,fitted pore-scale distribution,fitted distribution mean,27.1,,,,,um,Park & Santamarina Table S2 mean pore diameter μd; source-specific fitted distribution component,source-dependent distribution fitted by Park & Santamarina,source-dependent; retain S2 component and cited source reference,,,"Park & Santamarina 2020 Supplementary Table S2, group 5, Ref. 4",,One row per named fitted component. Bimodal components share a parent group; neither components nor parameters are individual pores.
LITM-0038,park_santamarina_benchmark,LIT-001,Park & Santamarina (2020),unconsolidated sand/sediment,remoulded soil,Park & Santamarina S2 source-specific group,source-specific; not mapped here,PARK-S2-UNC-REM-05,PARK-S2-UNC-REM-05,Soil C - Low,one named S2 dataset/group; underlying specimen count source-specific,pore_size,fitted pore-scale distribution,fitted distribution standard deviation,11.3,,,,,um,Park & Santamarina Table S2 mean pore diameter μd; source-specific fitted distribution component,source-dependent distribution fitted by Park & Santamarina,source-dependent; retain S2 component and cited source reference,,,"Park & Santamarina 2020 Supplementary Table S2, group 5, Ref. 4",,One row per named fitted component. Bimodal components share a parent group; neither components nor parameters are individual pores.
LITM-0039,park_santamarina_benchmark,LIT-001,Park & Santamarina (2020),unconsolidated sand/sediment,remoulded soil,Park & Santamarina S2 source-specific group,source-specific; not mapped here,PARK-S2-UNC-REM-06,PARK-S2-UNC-REM-06,Soil C - High,one named S2 dataset/group; underlying specimen count source-specific,pore_size,fitted pore-scale distribution,fitted distribution mean,57.4,,,,,um,Park & Santamarina Table S2 mean pore diameter μd; source-specific fitted distribution component,source-dependent distribution fitted by Park & Santamarina,source-dependent; retain S2 component and cited source reference,,,"Park & Santamarina 2020 Supplementary Table S2, group 6, Ref. 4",,One row per named fitted component. Bimodal components share a parent group; neither components nor parameters are individual pores.
LITM-0040,park_santamarina_benchmark,LIT-001,Park & Santamarina (2020),unconsolidated sand/sediment,remoulded soil,Park & Santamarina S2 source-specific group,source-specific; not mapped here,PARK-S2-UNC-REM-06,PARK-S2-UNC-REM-06,Soil C - High,one named S2 dataset/group; underlying specimen count source-specific,pore_size,fitted pore-scale distribution,fitted distribution standard deviation,23.9,,,,,um,Park & Santamarina Table S2 mean pore diameter μd; source-specific fitted distribution component,source-dependent distribution fitted by Park & Santamarina,source-dependent; retain S2 component and cited source reference,,,"Park & Santamarina 2020 Supplementary Table S2, group 6, Ref. 4",,One row per named fitted component. Bimodal components share a parent group; neither components nor parameters are individual pores.
LITM-0041,park_santamarina_benchmark,LIT-001,Park & Santamarina (2020),unconsolidated sand/sediment,remoulded soil,Park & Santamarina S2 source-specific group,source-specific; not mapped here,PARK-S2-UNC-REM-07,PARK-S2-UNC-REM-07,Pusan clay 2,one named S2 dataset/group; underlying specimen count source-specific,pore_size,fitted pore-scale distribution,fitted distribution mean,0.48,,,,,um,Park & Santamarina Table S2 mean pore diameter μd; source-specific fitted distribution component,source-dependent distribution fitted by Park & Santamarina,source-dependent; retain S2 component and cited source reference,,,"Park & Santamarina 2020 Supplementary Table S2, group 7, Ref. 6",,One row per named fitted component. Bimodal components share a parent group; neither components nor parameters are individual pores.
LITM-0042,park_santamarina_benchmark,LIT-001,Park & Santamarina (2020),unconsolidated sand/sediment,remoulded soil,Park & Santamarina S2 source-specific group,source-specific; not mapped here,PARK-S2-UNC-REM-07,PARK-S2-UNC-REM-07,Pusan clay 2,one named S2 dataset/group; underlying specimen count source-specific,pore_size,fitted pore-scale distribution,fitted distribution standard deviation,0.19,,,,,um,Park & Santamarina Table S2 mean pore diameter μd; source-specific fitted distribution component,source-dependent distribution fitted by Park & Santamarina,source-dependent; retain S2 component and cited source reference,,,"Park & Santamarina 2020 Supplementary Table S2, group 7, Ref. 6",,One row per named fitted component. Bimodal components share a parent group; neither components nor parameters are individual pores.
LITM-0043,park_santamarina_benchmark,LIT-001,Park & Santamarina (2020),unconsolidated sand/sediment,remoulded soil,Park & Santamarina S2 source-specific group,source-specific; not mapped here,PARK-S2-UNC-REM-08,PARK-S2-UNC-REM-08,Pusan clay 3,one named S2 dataset/group; underlying specimen count source-specific,pore_size,fitted pore-scale distribution,fitted distribution mean,0.61,,,,,um,Park & Santamarina Table S2 mean pore diameter μd; source-specific fitted distribution component,source-dependent distribution fitted by Park & Santamarina,source-dependent; retain S2 component and cited source reference,,,"Park & Santamarina 2020 Supplementary Table S2, group 8, Ref. 6",,One row per named fitted component. Bimodal components share a parent group; neither components nor parameters are individual pores.
LITM-0044,park_santamarina_benchmark,LIT-001,Park & Santamarina (2020),unconsolidated sand/sediment,remoulded soil,Park & Santamarina S2 source-specific group,source-specific; not mapped here,PARK-S2-UNC-REM-08,PARK-S2-UNC-REM-08,Pusan clay 3,one named S2 dataset/group; underlying specimen count source-specific,pore_size,fitted pore-scale distribution,fitted distribution standard deviation,0.24,,,,,um,Park & Santamarina Table S2 mean pore diameter μd; source-specific fitted distribution component,source-dependent distribution fitted by Park & Santamarina,source-dependent; retain S2 component and cited source reference,,,"Park & Santamarina 2020 Supplementary Table S2, group 8, Ref. 6",,One row per named fitted component. Bimodal components share a parent group; neither components nor parameters are individual pores.
LITM-0045,park_santamarina_benchmark,LIT-001,Park & Santamarina (2020),unconsolidated sand/sediment,remoulded soil,Park & Santamarina S2 source-specific group,source-specific; not mapped here,PARK-S2-UNC-REM-09,PARK-S2-UNC-REM-09,Pusan clay 4,one named S2 dataset/group; underlying specimen count source-specific,pore_size,fitted pore-scale distribution,fitted distribution mean,0.54,,,,,um,Park & Santamarina Table S2 mean pore diameter μd; source-specific fitted distribution component,source-dependent distribution fitted by Park & Santamarina,source-dependent; retain S2 component and cited source reference,,,"Park & Santamarina 2020 Supplementary Table S2, group 9, Ref. 6",,One row per named fitted component. Bimodal components share a parent group; neither components nor parameters are individual pores.
LITM-0046,park_santamarina_benchmark,LIT-001,Park & Santamarina (2020),unconsolidated sand/sediment,remoulded soil,Park & Santamarina S2 source-specific group,source-specific; not mapped here,PARK-S2-UNC-REM-09,PARK-S2-UNC-REM-09,Pusan clay 4,one named S2 dataset/group; underlying specimen count source-specific,pore_size,fitted pore-scale distribution,fitted distribution standard deviation,0.23,,,,,um,Park & Santamarina Table S2 mean pore diameter μd; source-specific fitted distribution component,source-dependent distribution fitted by Park & Santamarina,source-dependent; retain S2 component and cited source reference,,,"Park & Santamarina 2020 Supplementary Table S2, group 9, Ref. 6",,One row per named fitted component. Bimodal components share a parent group; neither components nor parameters are individual pores.
LITM-0047,park_santamarina_benchmark,LIT-001,Park & Santamarina (2020),unconsolidated sand/sediment,remoulded soil,Park & Santamarina S2 source-specific group,source-specific; not mapped here,PARK-S2-UNC-REM-10,PARK-S2-UNC-REM-10,St Guillaume clay,one named S2 dataset/group; underlying specimen count source-specific,pore_size,fitted pore-scale distribution,fitted distribution mean,0.40,,,,,um,Park & Santamarina Table S2 mean pore diameter μd; source-specific fitted distribution component,source-dependent distribution fitted by Park & Santamarina,source-dependent; retain S2 component and cited source reference,,,"Park & Santamarina 2020 Supplementary Table S2, group 10, Ref. 8",,One row per named fitted component. Bimodal components share a parent group; neither components nor parameters are individual pores.
LITM-0048,park_santamarina_benchmark,LIT-001,Park & Santamarina (2020),unconsolidated sand/sediment,remoulded soil,Park & Santamarina S2 source-specific group,source-specific; not mapped here,PARK-S2-UNC-REM-10,PARK-S2-UNC-REM-10,St Guillaume clay,one named S2 dataset/group; underlying specimen count source-specific,pore_size,fitted pore-scale distribution,fitted distribution standard deviation,0.40,,,,,um,Park & Santamarina Table S2 mean pore diameter μd; source-specific fitted distribution component,source-dependent distribution fitted by Park & Santamarina,source-dependent; retain S2 component and cited source reference,,,"Park & Santamarina 2020 Supplementary Table S2, group 10, Ref. 8",,One row per named fitted component. Bimodal components share a parent group; neither components nor parameters are individual pores.
LITM-0049,park_santamarina_benchmark,LIT-001,Park & Santamarina (2020),unconsolidated sand/sediment,remoulded soil,Park & Santamarina S2 source-specific group,source-specific; not mapped here,PARK-S2-UNC-REM-11,PARK-S2-UNC-REM-11,Silty clay 1,one named S2 dataset/group; underlying specimen count source-specific,pore_size,fitted pore-scale distribution,fitted distribution mean,2.50,,,,,um,Park & Santamarina Table S2 mean pore diameter μd; source-specific fitted distribution component,source-dependent distribution fitted by Park & Santamarina,source-dependent; retain S2 component and cited source reference,,,"Park & Santamarina 2020 Supplementary Table S2, group 11, Ref. 9",,One row per named fitted component. Bimodal components share a parent group; neither components nor parameters are individual pores.
LITM-0050,park_santamarina_benchmark,LIT-001,Park & Santamarina (2020),unconsolidated sand/sediment,remoulded soil,Park & Santamarina S2 source-specific group,source-specific; not mapped here,PARK-S2-UNC-REM-11,PARK-S2-UNC-REM-11,Silty clay 1,one named S2 dataset/group; underlying specimen count source-specific,pore_size,fitted pore-scale distribution,fitted distribution standard deviation,1.58,,,,,um,Park & Santamarina Table S2 mean pore diameter μd; source-specific fitted distribution component,source-dependent distribution fitted by Park & Santamarina,source-dependent; retain S2 component and cited source reference,,,"Park & Santamarina 2020 Supplementary Table S2, group 11, Ref. 9",,One row per named fitted component. Bimodal components share a parent group; neither components nor parameters are individual pores.
LITM-0051,park_santamarina_benchmark,LIT-001,Park & Santamarina (2020),unconsolidated sand/sediment,remoulded soil,Park & Santamarina S2 source-specific group,source-specific; not mapped here,PARK-S2-UNC-REM-12,PARK-S2-UNC-REM-12,Silty clay 2,one named S2 dataset/group; underlying specimen count source-specific,pore_size,fitted pore-scale distribution,fitted distribution mean,2.74,,,,,um,Park & Santamarina Table S2 mean pore diameter μd; source-specific fitted distribution component,source-dependent distribution fitted by Park & Santamarina,source-dependent; retain S2 component and cited source reference,,,"Park & Santamarina 2020 Supplementary Table S2, group 12, Ref. 9",,One row per named fitted component. Bimodal components share a parent group; neither components nor parameters are individual pores.
LITM-0052,park_santamarina_benchmark,LIT-001,Park & Santamarina (2020),unconsolidated sand/sediment,remoulded soil,Park & Santamarina S2 source-specific group,source-specific; not mapped here,PARK-S2-UNC-REM-12,PARK-S2-UNC-REM-12,Silty clay 2,one named S2 dataset/group; underlying specimen count source-specific,pore_size,fitted pore-scale distribution,fitted distribution standard deviation,1.73,,,,,um,Park & Santamarina Table S2 mean pore diameter μd; source-specific fitted distribution component,source-dependent distribution fitted by Park & Santamarina,source-dependent; retain S2 component and cited source reference,,,"Park & Santamarina 2020 Supplementary Table S2, group 12, Ref. 9",,One row per named fitted component. Bimodal components share a parent group; neither components nor parameters are individual pores.
LITM-0053,park_santamarina_benchmark,LIT-001,Park & Santamarina (2020),unconsolidated sand/sediment,remoulded soil,Park & Santamarina S2 source-specific group,source-specific; not mapped here,PARK-S2-UNC-REM-13,PARK-S2-UNC-REM-13,Silty clay 3,one named S2 dataset/group; underlying specimen count source-specific,pore_size,fitted pore-scale distribution,fitted distribution mean,3.67,,,,,um,Park & Santamarina Table S2 mean pore diameter μd; source-specific fitted distribution component,source-dependent distribution fitted by Park & Santamarina,source-dependent; retain S2 component and cited source reference,,,"Park & Santamarina 2020 Supplementary Table S2, group 13, Ref. 9",,One row per named fitted component. Bimodal components share a parent group; neither components nor parameters are individual pores.
LITM-0054,park_santamarina_benchmark,LIT-001,Park & Santamarina (2020),unconsolidated sand/sediment,remoulded soil,Park & Santamarina S2 source-specific group,source-specific; not mapped here,PARK-S2-UNC-REM-13,PARK-S2-UNC-REM-13,Silty clay 3,one named S2 dataset/group; underlying specimen count source-specific,pore_size,fitted pore-scale distribution,fitted distribution standard deviation,1.74,,,,,um,Park & Santamarina Table S2 mean pore diameter μd; source-specific fitted distribution component,source-dependent distribution fitted by Park & Santamarina,source-dependent; retain S2 component and cited source reference,,,"Park & Santamarina 2020 Supplementary Table S2, group 13, Ref. 9",,One row per named fitted component. Bimodal components share a parent group; neither components nor parameters are individual pores.
LITM-0055,park_santamarina_benchmark,LIT-001,Park & Santamarina (2020),unconsolidated sand/sediment,remoulded soil,Park & Santamarina S2 source-specific group,source-specific; not mapped here,PARK-S2-UNC-REM-14,PARK-S2-UNC-REM-14,Silty clay 4,one named S2 dataset/group; underlying specimen count source-specific,pore_size,fitted pore-scale distribution,fitted distribution mean,4.46,,,,,um,Park & Santamarina Table S2 mean pore diameter μd; source-specific fitted distribution component,source-dependent distribution fitted by Park & Santamarina,source-dependent; retain S2 component and cited source reference,,,"Park & Santamarina 2020 Supplementary Table S2, group 14, Ref. 9",,One row per named fitted component. Bimodal components share a parent group; neither components nor parameters are individual pores.
LITM-0056,park_santamarina_benchmark,LIT-001,Park & Santamarina (2020),unconsolidated sand/sediment,remoulded soil,Park & Santamarina S2 source-specific group,source-specific; not mapped here,PARK-S2-UNC-REM-14,PARK-S2-UNC-REM-14,Silty clay 4,one named S2 dataset/group; underlying specimen count source-specific,pore_size,fitted pore-scale distribution,fitted distribution standard deviation,1.04,,,,,um,Park & Santamarina Table S2 mean pore diameter μd; source-specific fitted distribution component,source-dependent distribution fitted by Park & Santamarina,source-dependent; retain S2 component and cited source reference,,,"Park & Santamarina 2020 Supplementary Table S2, group 14, Ref. 9",,One row per named fitted component. Bimodal components share a parent group; neither components nor parameters are individual pores.
LITM-0057,park_santamarina_benchmark,LIT-001,Park & Santamarina (2020),unconsolidated sand/sediment,remoulded soil,Park & Santamarina S2 source-specific group,source-specific; not mapped here,PARK-S2-UNC-REM-15,PARK-S2-UNC-REM-15,Glacial till 17%,one named S2 dataset/group; underlying specimen count source-specific,pore_size,fitted pore-scale distribution,fitted distribution mean,2.70,,,,,um,Park & Santamarina Table S2 mean pore diameter μd; source-specific fitted distribution component,source-dependent distribution fitted by Park & Santamarina,source-dependent; retain S2 component and cited source reference,,,"Park & Santamarina 2020 Supplementary Table S2, group 15, Ref. 10",,One row per named fitted component. Bimodal components share a parent group; neither components nor parameters are individual pores.
LITM-0058,park_santamarina_benchmark,LIT-001,Park & Santamarina (2020),unconsolidated sand/sediment,remoulded soil,Park & Santamarina S2 source-specific group,source-specific; not mapped here,PARK-S2-UNC-REM-15,PARK-S2-UNC-REM-15,Glacial till 17%,one named S2 dataset/group; underlying specimen count source-specific,pore_size,fitted pore-scale distribution,fitted distribution standard deviation,2.15,,,,,um,Park & Santamarina Table S2 mean pore diameter μd; source-specific fitted distribution component,source-dependent distribution fitted by Park & Santamarina,source-dependent; retain S2 component and cited source reference,,,"Park & Santamarina 2020 Supplementary Table S2, group 15, Ref. 10",,One row per named fitted component. Bimodal components share a parent group; neither components nor parameters are individual pores.
LITM-0059,park_santamarina_benchmark,LIT-001,Park & Santamarina (2020),unconsolidated sand/sediment,remoulded soil,Park & Santamarina S2 source-specific group,source-specific; not mapped here,PARK-S2-UNC-REM-16,PARK-S2-UNC-REM-16,Glacial till 8%,one named S2 dataset/group; underlying specimen count source-specific,pore_size,fitted pore-scale distribution,fitted distribution mean,1.91,,,,,um,Park & Santamarina Table S2 mean pore diameter μd; source-specific fitted distribution component,source-dependent distribution fitted by Park & Santamarina,source-dependent; retain S2 component and cited source reference,,,"Park & Santamarina 2020 Supplementary Table S2, group 16, Ref. 10",,One row per named fitted component. Bimodal components share a parent group; neither components nor parameters are individual pores.
LITM-0060,park_santamarina_benchmark,LIT-001,Park & Santamarina (2020),unconsolidated sand/sediment,remoulded soil,Park & Santamarina S2 source-specific group,source-specific; not mapped here,PARK-S2-UNC-REM-16,PARK-S2-UNC-REM-16,Glacial till 8%,one named S2 dataset/group; underlying specimen count source-specific,pore_size,fitted pore-scale distribution,fitted distribution standard deviation,1.14,,,,,um,Park & Santamarina Table S2 mean pore diameter μd; source-specific fitted distribution component,source-dependent distribution fitted by Park & Santamarina,source-dependent; retain S2 component and cited source reference,,,"Park & Santamarina 2020 Supplementary Table S2, group 16, Ref. 10",,One row per named fitted component. Bimodal components share a parent group; neither components nor parameters are individual pores.
LITM-0061,park_santamarina_benchmark,LIT-001,Park & Santamarina (2020),unconsolidated sand/sediment,remoulded soil,Park & Santamarina S2 source-specific group,source-specific; not mapped here,PARK-S2-UNC-REM-17,PARK-S2-UNC-REM-17,Glacial 17% (After SWCC),one named S2 dataset/group; underlying specimen count source-specific,pore_size,fitted pore-scale distribution,fitted distribution mean,0.16,,,,,um,Park & Santamarina Table S2 mean pore diameter μd; source-specific fitted distribution component,source-dependent distribution fitted by Park & Santamarina,source-dependent; retain S2 component and cited source reference,,,"Park & Santamarina 2020 Supplementary Table S2, group 17, Ref. 10",,One row per named fitted component. Bimodal components share a parent group; neither components nor parameters are individual pores.
LITM-0062,park_santamarina_benchmark,LIT-001,Park & Santamarina (2020),unconsolidated sand/sediment,remoulded soil,Park & Santamarina S2 source-specific group,source-specific; not mapped here,PARK-S2-UNC-REM-17,PARK-S2-UNC-REM-17,Glacial 17% (After SWCC),one named S2 dataset/group; underlying specimen count source-specific,pore_size,fitted pore-scale distribution,fitted distribution standard deviation,0.09,,,,,um,Park & Santamarina Table S2 mean pore diameter μd; source-specific fitted distribution component,source-dependent distribution fitted by Park & Santamarina,source-dependent; retain S2 component and cited source reference,,,"Park & Santamarina 2020 Supplementary Table S2, group 17, Ref. 10",,One row per named fitted component. Bimodal components share a parent group; neither components nor parameters are individual pores.
LITM-0063,park_santamarina_benchmark,LIT-001,Park & Santamarina (2020),unconsolidated sand/sediment,remoulded soil,Park & Santamarina S2 source-specific group,source-specific; not mapped here,PARK-S2-UNC-REM-18,PARK-S2-UNC-REM-18,Glacial 17% (Before SWCC),one named S2 dataset/group; underlying specimen count source-specific,pore_size,fitted pore-scale distribution,fitted distribution mean,1.36,,,,,um,Park & Santamarina Table S2 mean pore diameter μd; source-specific fitted distribution component,source-dependent distribution fitted by Park & Santamarina,source-dependent; retain S2 component and cited source reference,,,"Park & Santamarina 2020 Supplementary Table S2, group 18, Ref. 10",,One row per named fitted component. Bimodal components share a parent group; neither components nor parameters are individual pores.
LITM-0064,park_santamarina_benchmark,LIT-001,Park & Santamarina (2020),unconsolidated sand/sediment,remoulded soil,Park & Santamarina S2 source-specific group,source-specific; not mapped here,PARK-S2-UNC-REM-18,PARK-S2-UNC-REM-18,Glacial 17% (Before SWCC),one named S2 dataset/group; underlying specimen count source-specific,pore_size,fitted pore-scale distribution,fitted distribution standard deviation,1.52,,,,,um,Park & Santamarina Table S2 mean pore diameter μd; source-specific fitted distribution component,source-dependent distribution fitted by Park & Santamarina,source-dependent; retain S2 component and cited source reference,,,"Park & Santamarina 2020 Supplementary Table S2, group 18, Ref. 10",,One row per named fitted component. Bimodal components share a parent group; neither components nor parameters are individual pores.
LITM-0065,park_santamarina_benchmark,LIT-001,Park & Santamarina (2020),unconsolidated sand/sediment,remoulded soil,Park & Santamarina S2 source-specific group,source-specific; not mapped here,PARK-S2-UNC-REM-19,PARK-S2-UNC-REM-19,Sample mta-1,one named S2 dataset/group; underlying specimen count source-specific,pore_size,fitted pore-scale distribution,fitted distribution mean,1.88,,,,,um,Park & Santamarina Table S2 mean pore diameter μd; source-specific fitted distribution component,source-dependent distribution fitted by Park & Santamarina,source-dependent; retain S2 component and cited source reference,,,"Park & Santamarina 2020 Supplementary Table S2, group 19, Ref. 11",,One row per named fitted component. Bimodal components share a parent group; neither components nor parameters are individual pores.
LITM-0066,park_santamarina_benchmark,LIT-001,Park & Santamarina (2020),unconsolidated sand/sediment,remoulded soil,Park & Santamarina S2 source-specific group,source-specific; not mapped here,PARK-S2-UNC-REM-19,PARK-S2-UNC-REM-19,Sample mta-1,one named S2 dataset/group; underlying specimen count source-specific,pore_size,fitted pore-scale distribution,fitted distribution standard deviation,1.12,,,,,um,Park & Santamarina Table S2 mean pore diameter μd; source-specific fitted distribution component,source-dependent distribution fitted by Park & Santamarina,source-dependent; retain S2 component and cited source reference,,,"Park & Santamarina 2020 Supplementary Table S2, group 19, Ref. 11",,One row per named fitted component. Bimodal components share a parent group; neither components nor parameters are individual pores.
LITM-0067,park_santamarina_benchmark,LIT-001,Park & Santamarina (2020),unconsolidated sand/sediment,remoulded soil,Park & Santamarina S2 source-specific group,source-specific; not mapped here,PARK-S2-UNC-REM-20,PARK-S2-UNC-REM-20,Kaolin,one named S2 dataset/group; underlying specimen count source-specific,pore_size,fitted pore-scale distribution,fitted distribution mean,0.17,,,,,um,Park & Santamarina Table S2 mean pore diameter μd; source-specific fitted distribution component,source-dependent distribution fitted by Park & Santamarina,source-dependent; retain S2 component and cited source reference,,,"Park & Santamarina 2020 Supplementary Table S2, group 20, Ref. 12",,One row per named fitted component. Bimodal components share a parent group; neither components nor parameters are individual pores.
LITM-0068,park_santamarina_benchmark,LIT-001,Park & Santamarina (2020),unconsolidated sand/sediment,remoulded soil,Park & Santamarina S2 source-specific group,source-specific; not mapped here,PARK-S2-UNC-REM-20,PARK-S2-UNC-REM-20,Kaolin,one named S2 dataset/group; underlying specimen count source-specific,pore_size,fitted pore-scale distribution,fitted distribution standard deviation,0.08,,,,,um,Park & Santamarina Table S2 mean pore diameter μd; source-specific fitted distribution component,source-dependent distribution fitted by Park & Santamarina,source-dependent; retain S2 component and cited source reference,,,"Park & Santamarina 2020 Supplementary Table S2, group 20, Ref. 12",,One row per named fitted component. Bimodal components share a parent group; neither components nor parameters are individual pores.
LITM-0069,park_santamarina_benchmark,LIT-001,Park & Santamarina (2020),unconsolidated sand/sediment,remoulded soil,Park & Santamarina S2 source-specific group,source-specific; not mapped here,PARK-S2-UNC-REM-21,PARK-S2-UNC-REM-21,Soil 1 (30 kPa),one named S2 dataset/group; underlying specimen count source-specific,pore_size,fitted pore-scale distribution,fitted distribution mean,0.46,,,,,um,Park & Santamarina Table S2 mean pore diameter μd; source-specific fitted distribution component,source-dependent distribution fitted by Park & Santamarina,source-dependent; retain S2 component and cited source reference,,,"Park & Santamarina 2020 Supplementary Table S2, group 21, Ref. 13",,One row per named fitted component. Bimodal components share a parent group; neither components nor parameters are individual pores.
LITM-0070,park_santamarina_benchmark,LIT-001,Park & Santamarina (2020),unconsolidated sand/sediment,remoulded soil,Park & Santamarina S2 source-specific group,source-specific; not mapped here,PARK-S2-UNC-REM-21,PARK-S2-UNC-REM-21,Soil 1 (30 kPa),one named S2 dataset/group; underlying specimen count source-specific,pore_size,fitted pore-scale distribution,fitted distribution standard deviation,0.17,,,,,um,Park & Santamarina Table S2 mean pore diameter μd; source-specific fitted distribution component,source-dependent distribution fitted by Park & Santamarina,source-dependent; retain S2 component and cited source reference,,,"Park & Santamarina 2020 Supplementary Table S2, group 21, Ref. 13",,One row per named fitted component. Bimodal components share a parent group; neither components nor parameters are individual pores.
LITM-0071,park_santamarina_benchmark,LIT-001,Park & Santamarina (2020),unconsolidated sand/sediment,remoulded soil,Park & Santamarina S2 source-specific group,source-specific; not mapped here,PARK-S2-UNC-REM-22,PARK-S2-UNC-REM-22,Soil 1 (LL),one named S2 dataset/group; underlying specimen count source-specific,pore_size,fitted pore-scale distribution,fitted distribution mean,1.72,,,,,um,Park & Santamarina Table S2 mean pore diameter μd; source-specific fitted distribution component,source-dependent distribution fitted by Park & Santamarina,source-dependent; retain S2 component and cited source reference,,,"Park & Santamarina 2020 Supplementary Table S2, group 22, Ref. 13",,One row per named fitted component. Bimodal components share a parent group; neither components nor parameters are individual pores.
LITM-0072,park_santamarina_benchmark,LIT-001,Park & Santamarina (2020),unconsolidated sand/sediment,remoulded soil,Park & Santamarina S2 source-specific group,source-specific; not mapped here,PARK-S2-UNC-REM-22,PARK-S2-UNC-REM-22,Soil 1 (LL),one named S2 dataset/group; underlying specimen count source-specific,pore_size,fitted pore-scale distribution,fitted distribution standard deviation,0.92,,,,,um,Park & Santamarina Table S2 mean pore diameter μd; source-specific fitted distribution component,source-dependent distribution fitted by Park & Santamarina,source-dependent; retain S2 component and cited source reference,,,"Park & Santamarina 2020 Supplementary Table S2, group 22, Ref. 13",,One row per named fitted component. Bimodal components share a parent group; neither components nor parameters are individual pores.
LITM-0073,park_santamarina_benchmark,LIT-001,Park & Santamarina (2020),unconsolidated sand/sediment,remoulded soil,Park & Santamarina S2 source-specific group,source-specific; not mapped here,PARK-S2-UNC-REM-23,PARK-S2-UNC-REM-23,Soil 2 (LL),one named S2 dataset/group; underlying specimen count source-specific,pore_size,fitted pore-scale distribution,fitted distribution mean,0.23,,,,,um,Park & Santamarina Table S2 mean pore diameter μd; source-specific fitted distribution component,source-dependent distribution fitted by Park & Santamarina,source-dependent; retain S2 component and cited source reference,,,"Park & Santamarina 2020 Supplementary Table S2, group 23, Ref. 13",,One row per named fitted component. Bimodal components share a parent group; neither components nor parameters are individual pores.
LITM-0074,park_santamarina_benchmark,LIT-001,Park & Santamarina (2020),unconsolidated sand/sediment,remoulded soil,Park & Santamarina S2 source-specific group,source-specific; not mapped here,PARK-S2-UNC-REM-23,PARK-S2-UNC-REM-23,Soil 2 (LL),one named S2 dataset/group; underlying specimen count source-specific,pore_size,fitted pore-scale distribution,fitted distribution standard deviation,0.12,,,,,um,Park & Santamarina Table S2 mean pore diameter μd; source-specific fitted distribution component,source-dependent distribution fitted by Park & Santamarina,source-dependent; retain S2 component and cited source reference,,,"Park & Santamarina 2020 Supplementary Table S2, group 23, Ref. 13",,One row per named fitted component. Bimodal components share a parent group; neither components nor parameters are individual pores.
LITM-0075,park_santamarina_benchmark,LIT-001,Park & Santamarina (2020),unconsolidated sand/sediment,remoulded soil,Park & Santamarina S2 source-specific group,source-specific; not mapped here,PARK-S2-UNC-REM-24,PARK-S2-UNC-REM-24,Soil 4 (LL),one named S2 dataset/group; underlying specimen count source-specific,pore_size,fitted pore-scale distribution,fitted distribution mean,3.09,,,,,um,Park & Santamarina Table S2 mean pore diameter μd; source-specific fitted distribution component,source-dependent distribution fitted by Park & Santamarina,source-dependent; retain S2 component and cited source reference,,,"Park & Santamarina 2020 Supplementary Table S2, group 24, Ref. 13",,One row per named fitted component. Bimodal components share a parent group; neither components nor parameters are individual pores.
LITM-0076,park_santamarina_benchmark,LIT-001,Park & Santamarina (2020),unconsolidated sand/sediment,remoulded soil,Park & Santamarina S2 source-specific group,source-specific; not mapped here,PARK-S2-UNC-REM-24,PARK-S2-UNC-REM-24,Soil 4 (LL),one named S2 dataset/group; underlying specimen count source-specific,pore_size,fitted pore-scale distribution,fitted distribution standard deviation,2.25,,,,,um,Park & Santamarina Table S2 mean pore diameter μd; source-specific fitted distribution component,source-dependent distribution fitted by Park & Santamarina,source-dependent; retain S2 component and cited source reference,,,"Park & Santamarina 2020 Supplementary Table S2, group 24, Ref. 13",,One row per named fitted component. Bimodal components share a parent group; neither components nor parameters are individual pores.
LITM-0077,park_santamarina_benchmark,LIT-001,Park & Santamarina (2020),unconsolidated sand/sediment,remoulded soil,Park & Santamarina S2 source-specific group,source-specific; not mapped here,PARK-S2-UNC-REM-25,PARK-S2-UNC-REM-25,Soil 4 (120 kPa),one named S2 dataset/group; underlying specimen count source-specific,pore_size,fitted pore-scale distribution,fitted distribution mean,0.75,,,,,um,Park & Santamarina Table S2 mean pore diameter μd; source-specific fitted distribution component,source-dependent distribution fitted by Park & Santamarina,source-dependent; retain S2 component and cited source reference,,,"Park & Santamarina 2020 Supplementary Table S2, group 25, Ref. 13",,One row per named fitted component. Bimodal components share a parent group; neither components nor parameters are individual pores.
LITM-0078,park_santamarina_benchmark,LIT-001,Park & Santamarina (2020),unconsolidated sand/sediment,remoulded soil,Park & Santamarina S2 source-specific group,source-specific; not mapped here,PARK-S2-UNC-REM-25,PARK-S2-UNC-REM-25,Soil 4 (120 kPa),one named S2 dataset/group; underlying specimen count source-specific,pore_size,fitted pore-scale distribution,fitted distribution standard deviation,0.54,,,,,um,Park & Santamarina Table S2 mean pore diameter μd; source-specific fitted distribution component,source-dependent distribution fitted by Park & Santamarina,source-dependent; retain S2 component and cited source reference,,,"Park & Santamarina 2020 Supplementary Table S2, group 25, Ref. 13",,One row per named fitted component. Bimodal components share a parent group; neither components nor parameters are individual pores.
LITM-0079,park_santamarina_benchmark,LIT-001,Park & Santamarina (2020),carbonate,intact rock,Park & Santamarina S2 source-specific group,source-specific; not mapped here,PARK-S2-CAR-INT-01,PARK-S2-CAR-INT-01,Winterset,one named S2 dataset/group; underlying specimen count source-specific,pore_size,fitted pore-scale distribution,fitted distribution mean,1.53,,,,,um,Park & Santamarina Table S2 mean pore diameter μd; source-specific fitted distribution component,source-dependent distribution fitted by Park & Santamarina,source-dependent; retain S2 component and cited source reference,,,"Park & Santamarina 2020 Supplementary Table S2, group 1, Ref. 14",,One row per named fitted component. Bimodal components share a parent group; neither components nor parameters are individual pores.
LITM-0080,park_santamarina_benchmark,LIT-001,Park & Santamarina (2020),carbonate,intact rock,Park & Santamarina S2 source-specific group,source-specific; not mapped here,PARK-S2-CAR-INT-01,PARK-S2-CAR-INT-01,Winterset,one named S2 dataset/group; underlying specimen count source-specific,pore_size,fitted pore-scale distribution,fitted distribution standard deviation,0.77,,,,,um,Park & Santamarina Table S2 mean pore diameter μd; source-specific fitted distribution component,source-dependent distribution fitted by Park & Santamarina,source-dependent; retain S2 component and cited source reference,,,"Park & Santamarina 2020 Supplementary Table S2, group 1, Ref. 14",,One row per named fitted component. Bimodal components share a parent group; neither components nor parameters are individual pores.
LITM-0081,park_santamarina_benchmark,LIT-001,Park & Santamarina (2020),carbonate,intact rock,Park & Santamarina S2 source-specific group,source-specific; not mapped here,PARK-S2-CAR-INT-02,PARK-S2-CAR-INT-02,Austin Chalk,one named S2 dataset/group; underlying specimen count source-specific,pore_size,fitted pore-scale distribution,fitted distribution mean,1.08,,,,,um,Park & Santamarina Table S2 mean pore diameter μd; source-specific fitted distribution component,source-dependent distribution fitted by Park & Santamarina,source-dependent; retain S2 component and cited source reference,,,"Park & Santamarina 2020 Supplementary Table S2, group 2, Ref. 15",,One row per named fitted component. Bimodal components share a parent group; neither components nor parameters are individual pores.
LITM-0082,park_santamarina_benchmark,LIT-001,Park & Santamarina (2020),carbonate,intact rock,Park & Santamarina S2 source-specific group,source-specific; not mapped here,PARK-S2-CAR-INT-02,PARK-S2-CAR-INT-02,Austin Chalk,one named S2 dataset/group; underlying specimen count source-specific,pore_size,fitted pore-scale distribution,fitted distribution standard deviation,0.94,,,,,um,Park & Santamarina Table S2 mean pore diameter μd; source-specific fitted distribution component,source-dependent distribution fitted by Park & Santamarina,source-dependent; retain S2 component and cited source reference,,,"Park & Santamarina 2020 Supplementary Table S2, group 2, Ref. 15",,One row per named fitted component. Bimodal components share a parent group; neither components nor parameters are individual pores.
LITM-0083,park_santamarina_benchmark,LIT-001,Park & Santamarina (2020),carbonate,intact rock,Park & Santamarina S2 source-specific group,source-specific; not mapped here,PARK-S2-CAR-INT-03,PARK-S2-CAR-INT-03,Desert Pink,one named S2 dataset/group; underlying specimen count source-specific,pore_size,fitted pore-scale distribution,fitted distribution mean,5.88,,,,,um,Park & Santamarina Table S2 mean pore diameter μd; source-specific fitted distribution component,source-dependent distribution fitted by Park & Santamarina,source-dependent; retain S2 component and cited source reference,,,"Park & Santamarina 2020 Supplementary Table S2, group 3, Ref. 16",,One row per named fitted component. Bimodal components share a parent group; neither components nor parameters are individual pores.
LITM-0084,park_santamarina_benchmark,LIT-001,Park & Santamarina (2020),carbonate,intact rock,Park & Santamarina S2 source-specific group,source-specific; not mapped here,PARK-S2-CAR-INT-03,PARK-S2-CAR-INT-03,Desert Pink,one named S2 dataset/group; underlying specimen count source-specific,pore_size,fitted pore-scale distribution,fitted distribution standard deviation,2.31,,,,,um,Park & Santamarina Table S2 mean pore diameter μd; source-specific fitted distribution component,source-dependent distribution fitted by Park & Santamarina,source-dependent; retain S2 component and cited source reference,,,"Park & Santamarina 2020 Supplementary Table S2, group 3, Ref. 16",,One row per named fitted component. Bimodal components share a parent group; neither components nor parameters are individual pores.
LITM-0085,park_santamarina_benchmark,LIT-001,Park & Santamarina (2020),carbonate,intact rock,Park & Santamarina S2 source-specific group,source-specific; not mapped here,PARK-S2-CAR-INT-04,PARK-S2-CAR-INT-04,Edwards White,one named S2 dataset/group; underlying specimen count source-specific,pore_size,fitted pore-scale distribution,fitted distribution mean,0.95,,,,,um,Park & Santamarina Table S2 mean pore diameter μd; source-specific fitted distribution component,source-dependent distribution fitted by Park & Santamarina,source-dependent; retain S2 component and cited source reference,,,"Park & Santamarina 2020 Supplementary Table S2, group 4, Ref. 17",,One row per named fitted component. Bimodal components share a parent group; neither components nor parameters are individual pores.
LITM-0086,park_santamarina_benchmark,LIT-001,Park & Santamarina (2020),carbonate,intact rock,Park & Santamarina S2 source-specific group,source-specific; not mapped here,PARK-S2-CAR-INT-04,PARK-S2-CAR-INT-04,Edwards White,one named S2 dataset/group; underlying specimen count source-specific,pore_size,fitted pore-scale distribution,fitted distribution standard deviation,0.45,,,,,um,Park & Santamarina Table S2 mean pore diameter μd; source-specific fitted distribution component,source-dependent distribution fitted by Park & Santamarina,source-dependent; retain S2 component and cited source reference,,,"Park & Santamarina 2020 Supplementary Table S2, group 4, Ref. 17",,One row per named fitted component. Bimodal components share a parent group; neither components nor parameters are individual pores.
LITM-0087,park_santamarina_benchmark,LIT-001,Park & Santamarina (2020),carbonate,intact rock,Park & Santamarina S2 source-specific group,source-specific; not mapped here,PARK-S2-CAR-INT-05,PARK-S2-CAR-INT-05,Edward Yellow,one named S2 dataset/group; underlying specimen count source-specific,pore_size,fitted pore-scale distribution,fitted distribution mean,3.96,,,,,um,Park & Santamarina Table S2 mean pore diameter μd; source-specific fitted distribution component,source-dependent distribution fitted by Park & Santamarina,source-dependent; retain S2 component and cited source reference,,,"Park & Santamarina 2020 Supplementary Table S2, group 5, Ref. 17",,One row per named fitted component. Bimodal components share a parent group; neither components nor parameters are individual pores.
LITM-0088,park_santamarina_benchmark,LIT-001,Park & Santamarina (2020),carbonate,intact rock,Park & Santamarina S2 source-specific group,source-specific; not mapped here,PARK-S2-CAR-INT-05,PARK-S2-CAR-INT-05,Edward Yellow,one named S2 dataset/group; underlying specimen count source-specific,pore_size,fitted pore-scale distribution,fitted distribution standard deviation,0.92,,,,,um,Park & Santamarina Table S2 mean pore diameter μd; source-specific fitted distribution component,source-dependent distribution fitted by Park & Santamarina,source-dependent; retain S2 component and cited source reference,,,"Park & Santamarina 2020 Supplementary Table S2, group 5, Ref. 17",,One row per named fitted component. Bimodal components share a parent group; neither components nor parameters are individual pores.
LITM-0089,park_santamarina_benchmark,LIT-001,Park & Santamarina (2020),carbonate,intact rock,Park & Santamarina S2 source-specific group,source-specific; not mapped here,PARK-S2-CAR-INT-06,PARK-S2-CAR-INT-06,Indiana 2-4,one named S2 dataset/group; underlying specimen count source-specific,pore_size,fitted pore-scale distribution,fitted distribution mean,0.45,,,,,um,Park & Santamarina Table S2 mean pore diameter μd; source-specific fitted distribution component,source-dependent distribution fitted by Park & Santamarina,source-dependent; retain S2 component and cited source reference,,,"Park & Santamarina 2020 Supplementary Table S2, group 6, Ref. 18",,One row per named fitted component. Bimodal components share a parent group; neither components nor parameters are individual pores.
LITM-0090,park_santamarina_benchmark,LIT-001,Park & Santamarina (2020),carbonate,intact rock,Park & Santamarina S2 source-specific group,source-specific; not mapped here,PARK-S2-CAR-INT-06,PARK-S2-CAR-INT-06,Indiana 2-4,one named S2 dataset/group; underlying specimen count source-specific,pore_size,fitted pore-scale distribution,fitted distribution standard deviation,0.33,,,,,um,Park & Santamarina Table S2 mean pore diameter μd; source-specific fitted distribution component,source-dependent distribution fitted by Park & Santamarina,source-dependent; retain S2 component and cited source reference,,,"Park & Santamarina 2020 Supplementary Table S2, group 6, Ref. 18",,One row per named fitted component. Bimodal components share a parent group; neither components nor parameters are individual pores.
LITM-0091,park_santamarina_benchmark,LIT-001,Park & Santamarina (2020),carbonate,intact rock,Park & Santamarina S2 source-specific group,source-specific; not mapped here,PARK-S2-CAR-INT-07,PARK-S2-CAR-INT-07,Indiana 60 (1),one named S2 dataset/group; underlying specimen count source-specific,pore_size,fitted pore-scale distribution,fitted distribution mean,0.39,,,,,um,Park & Santamarina Table S2 mean pore diameter μd; source-specific fitted distribution component,source-dependent distribution fitted by Park & Santamarina,source-dependent; retain S2 component and cited source reference,,,"Park & Santamarina 2020 Supplementary Table S2, group 7, Ref. 18",,One row per named fitted component. Bimodal components share a parent group; neither components nor parameters are individual pores.
LITM-0092,park_santamarina_benchmark,LIT-001,Park & Santamarina (2020),carbonate,intact rock,Park & Santamarina S2 source-specific group,source-specific; not mapped here,PARK-S2-CAR-INT-07,PARK-S2-CAR-INT-07,Indiana 60 (1),one named S2 dataset/group; underlying specimen count source-specific,pore_size,fitted pore-scale distribution,fitted distribution standard deviation,0.21,,,,,um,Park & Santamarina Table S2 mean pore diameter μd; source-specific fitted distribution component,source-dependent distribution fitted by Park & Santamarina,source-dependent; retain S2 component and cited source reference,,,"Park & Santamarina 2020 Supplementary Table S2, group 7, Ref. 18",,One row per named fitted component. Bimodal components share a parent group; neither components nor parameters are individual pores.
LITM-0093,park_santamarina_benchmark,LIT-001,Park & Santamarina (2020),carbonate,intact rock,Park & Santamarina S2 source-specific group,source-specific; not mapped here,PARK-S2-CAR-INT-07,PARK-S2-CAR-INT-07,Indiana 60 (2),one named S2 dataset/group; underlying specimen count source-specific,pore_size,fitted pore-scale distribution,fitted distribution mean,13.5,,,,,um,Park & Santamarina Table S2 mean pore diameter μd; source-specific fitted distribution component,source-dependent distribution fitted by Park & Santamarina,source-dependent; retain S2 component and cited source reference,,,"Park & Santamarina 2020 Supplementary Table S2, group 7, Ref. 18",,One row per named fitted component. Bimodal components share a parent group; neither components nor parameters are individual pores.
LITM-0094,park_santamarina_benchmark,LIT-001,Park & Santamarina (2020),carbonate,intact rock,Park & Santamarina S2 source-specific group,source-specific; not mapped here,PARK-S2-CAR-INT-07,PARK-S2-CAR-INT-07,Indiana 60 (2),one named S2 dataset/group; underlying specimen count source-specific,pore_size,fitted pore-scale distribution,fitted distribution standard deviation,15.1,,,,,um,Park & Santamarina Table S2 mean pore diameter μd; source-specific fitted distribution component,source-dependent distribution fitted by Park & Santamarina,source-dependent; retain S2 component and cited source reference,,,"Park & Santamarina 2020 Supplementary Table S2, group 7, Ref. 18",,One row per named fitted component. Bimodal components share a parent group; neither components nor parameters are individual pores.
LITM-0095,park_santamarina_benchmark,LIT-001,Park & Santamarina (2020),carbonate,intact rock,Park & Santamarina S2 source-specific group,source-specific; not mapped here,PARK-S2-CAR-INT-08,PARK-S2-CAR-INT-08,Indiana 70 (1),one named S2 dataset/group; underlying specimen count source-specific,pore_size,fitted pore-scale distribution,fitted distribution mean,25.1,,,,,um,Park & Santamarina Table S2 mean pore diameter μd; source-specific fitted distribution component,source-dependent distribution fitted by Park & Santamarina,source-dependent; retain S2 component and cited source reference,,,"Park & Santamarina 2020 Supplementary Table S2, group 8, Ref. 18",,One row per named fitted component. Bimodal components share a parent group; neither components nor parameters are individual pores.
LITM-0096,park_santamarina_benchmark,LIT-001,Park & Santamarina (2020),carbonate,intact rock,Park & Santamarina S2 source-specific group,source-specific; not mapped here,PARK-S2-CAR-INT-08,PARK-S2-CAR-INT-08,Indiana 70 (1),one named S2 dataset/group; underlying specimen count source-specific,pore_size,fitted pore-scale distribution,fitted distribution standard deviation,13.4,,,,,um,Park & Santamarina Table S2 mean pore diameter μd; source-specific fitted distribution component,source-dependent distribution fitted by Park & Santamarina,source-dependent; retain S2 component and cited source reference,,,"Park & Santamarina 2020 Supplementary Table S2, group 8, Ref. 18",,One row per named fitted component. Bimodal components share a parent group; neither components nor parameters are individual pores.
LITM-0097,park_santamarina_benchmark,LIT-001,Park & Santamarina (2020),carbonate,intact rock,Park & Santamarina S2 source-specific group,source-specific; not mapped here,PARK-S2-CAR-INT-08,PARK-S2-CAR-INT-08,Indiana 70 (2),one named S2 dataset/group; underlying specimen count source-specific,pore_size,fitted pore-scale distribution,fitted distribution mean,0.37,,,,,um,Park & Santamarina Table S2 mean pore diameter μd; source-specific fitted distribution component,source-dependent distribution fitted by Park & Santamarina,source-dependent; retain S2 component and cited source reference,,,"Park & Santamarina 2020 Supplementary Table S2, group 8, Ref. 18",,One row per named fitted component. Bimodal components share a parent group; neither components nor parameters are individual pores.
LITM-0098,park_santamarina_benchmark,LIT-001,Park & Santamarina (2020),carbonate,intact rock,Park & Santamarina S2 source-specific group,source-specific; not mapped here,PARK-S2-CAR-INT-08,PARK-S2-CAR-INT-08,Indiana 70 (2),one named S2 dataset/group; underlying specimen count source-specific,pore_size,fitted pore-scale distribution,fitted distribution standard deviation,0.20,,,,,um,Park & Santamarina Table S2 mean pore diameter μd; source-specific fitted distribution component,source-dependent distribution fitted by Park & Santamarina,source-dependent; retain S2 component and cited source reference,,,"Park & Santamarina 2020 Supplementary Table S2, group 8, Ref. 18",,One row per named fitted component. Bimodal components share a parent group; neither components nor parameters are individual pores.
LITM-0099,park_santamarina_benchmark,LIT-001,Park & Santamarina (2020),carbonate,intact rock,Park & Santamarina S2 source-specific group,source-specific; not mapped here,PARK-S2-CAR-INT-09,PARK-S2-CAR-INT-09,Indiana 200 (1),one named S2 dataset/group; underlying specimen count source-specific,pore_size,fitted pore-scale distribution,fitted distribution mean,31.5,,,,,um,Park & Santamarina Table S2 mean pore diameter μd; source-specific fitted distribution component,source-dependent distribution fitted by Park & Santamarina,source-dependent; retain S2 component and cited source reference,,,"Park & Santamarina 2020 Supplementary Table S2, group 9, Ref. 18",,One row per named fitted component. Bimodal components share a parent group; neither components nor parameters are individual pores.
LITM-0100,park_santamarina_benchmark,LIT-001,Park & Santamarina (2020),carbonate,intact rock,Park & Santamarina S2 source-specific group,source-specific; not mapped here,PARK-S2-CAR-INT-09,PARK-S2-CAR-INT-09,Indiana 200 (1),one named S2 dataset/group; underlying specimen count source-specific,pore_size,fitted pore-scale distribution,fitted distribution standard deviation,18.7,,,,,um,Park & Santamarina Table S2 mean pore diameter μd; source-specific fitted distribution component,source-dependent distribution fitted by Park & Santamarina,source-dependent; retain S2 component and cited source reference,,,"Park & Santamarina 2020 Supplementary Table S2, group 9, Ref. 18",,One row per named fitted component. Bimodal components share a parent group; neither components nor parameters are individual pores.
LITM-0101,park_santamarina_benchmark,LIT-001,Park & Santamarina (2020),carbonate,intact rock,Park & Santamarina S2 source-specific group,source-specific; not mapped here,PARK-S2-CAR-INT-09,PARK-S2-CAR-INT-09,Indiana 200 (2),one named S2 dataset/group; underlying specimen count source-specific,pore_size,fitted pore-scale distribution,fitted distribution mean,0.41,,,,,um,Park & Santamarina Table S2 mean pore diameter μd; source-specific fitted distribution component,source-dependent distribution fitted by Park & Santamarina,source-dependent; retain S2 component and cited source reference,,,"Park & Santamarina 2020 Supplementary Table S2, group 9, Ref. 18",,One row per named fitted component. Bimodal components share a parent group; neither components nor parameters are individual pores.
LITM-0102,park_santamarina_benchmark,LIT-001,Park & Santamarina (2020),carbonate,intact rock,Park & Santamarina S2 source-specific group,source-specific; not mapped here,PARK-S2-CAR-INT-09,PARK-S2-CAR-INT-09,Indiana 200 (2),one named S2 dataset/group; underlying specimen count source-specific,pore_size,fitted pore-scale distribution,fitted distribution standard deviation,0.24,,,,,um,Park & Santamarina Table S2 mean pore diameter μd; source-specific fitted distribution component,source-dependent distribution fitted by Park & Santamarina,source-dependent; retain S2 component and cited source reference,,,"Park & Santamarina 2020 Supplementary Table S2, group 9, Ref. 18",,One row per named fitted component. Bimodal components share a parent group; neither components nor parameters are individual pores.
LITM-0103,park_santamarina_benchmark,LIT-001,Park & Santamarina (2020),carbonate,intact rock,Park & Santamarina S2 source-specific group,source-specific; not mapped here,PARK-S2-CAR-INT-10,PARK-S2-CAR-INT-10,Mount Gambier,one named S2 dataset/group; underlying specimen count source-specific,pore_size,fitted pore-scale distribution,fitted distribution mean,29.6,,,,,um,Park & Santamarina Table S2 mean pore diameter μd; source-specific fitted distribution component,source-dependent distribution fitted by Park & Santamarina,source-dependent; retain S2 component and cited source reference,,,"Park & Santamarina 2020 Supplementary Table S2, group 10, Ref. 19",,One row per named fitted component. Bimodal components share a parent group; neither components nor parameters are individual pores.
LITM-0104,park_santamarina_benchmark,LIT-001,Park & Santamarina (2020),carbonate,intact rock,Park & Santamarina S2 source-specific group,source-specific; not mapped here,PARK-S2-CAR-INT-10,PARK-S2-CAR-INT-10,Mount Gambier,one named S2 dataset/group; underlying specimen count source-specific,pore_size,fitted pore-scale distribution,fitted distribution standard deviation,11.3,,,,,um,Park & Santamarina Table S2 mean pore diameter μd; source-specific fitted distribution component,source-dependent distribution fitted by Park & Santamarina,source-dependent; retain S2 component and cited source reference,,,"Park & Santamarina 2020 Supplementary Table S2, group 10, Ref. 19",,One row per named fitted component. Bimodal components share a parent group; neither components nor parameters are individual pores.
LITM-0105,park_santamarina_benchmark,LIT-001,Park & Santamarina (2020),carbonate,intact rock,Park & Santamarina S2 source-specific group,source-specific; not mapped here,PARK-S2-CAR-INT-11,PARK-S2-CAR-INT-11,Silurian Dolomite,one named S2 dataset/group; underlying specimen count source-specific,pore_size,fitted pore-scale distribution,fitted distribution mean,11.7,,,,,um,Park & Santamarina Table S2 mean pore diameter μd; source-specific fitted distribution component,source-dependent distribution fitted by Park & Santamarina,source-dependent; retain S2 component and cited source reference,,,"Park & Santamarina 2020 Supplementary Table S2, group 11, Ref. 20",,One row per named fitted component. Bimodal components share a parent group; neither components nor parameters are individual pores.
LITM-0106,park_santamarina_benchmark,LIT-001,Park & Santamarina (2020),carbonate,intact rock,Park & Santamarina S2 source-specific group,source-specific; not mapped here,PARK-S2-CAR-INT-11,PARK-S2-CAR-INT-11,Silurian Dolomite,one named S2 dataset/group; underlying specimen count source-specific,pore_size,fitted pore-scale distribution,fitted distribution standard deviation,4.23,,,,,um,Park & Santamarina Table S2 mean pore diameter μd; source-specific fitted distribution component,source-dependent distribution fitted by Park & Santamarina,source-dependent; retain S2 component and cited source reference,,,"Park & Santamarina 2020 Supplementary Table S2, group 11, Ref. 20",,One row per named fitted component. Bimodal components share a parent group; neither components nor parameters are individual pores.
LITM-0107,park_santamarina_benchmark,LIT-001,Park & Santamarina (2020),carbonate,intact rock,Park & Santamarina S2 source-specific group,source-specific; not mapped here,PARK-S2-CAR-INT-12,PARK-S2-CAR-INT-12,Carbonate-1 (1),one named S2 dataset/group; underlying specimen count source-specific,pore_size,fitted pore-scale distribution,fitted distribution mean,19.0,,,,,um,Park & Santamarina Table S2 mean pore diameter μd; source-specific fitted distribution component,source-dependent distribution fitted by Park & Santamarina,source-dependent; retain S2 component and cited source reference,,,"Park & Santamarina 2020 Supplementary Table S2, group 12, Ref. 21",,One row per named fitted component. Bimodal components share a parent group; neither components nor parameters are individual pores.
LITM-0108,park_santamarina_benchmark,LIT-001,Park & Santamarina (2020),carbonate,intact rock,Park & Santamarina S2 source-specific group,source-specific; not mapped here,PARK-S2-CAR-INT-12,PARK-S2-CAR-INT-12,Carbonate-1 (1),one named S2 dataset/group; underlying specimen count source-specific,pore_size,fitted pore-scale distribution,fitted distribution standard deviation,8.80,,,,,um,Park & Santamarina Table S2 mean pore diameter μd; source-specific fitted distribution component,source-dependent distribution fitted by Park & Santamarina,source-dependent; retain S2 component and cited source reference,,,"Park & Santamarina 2020 Supplementary Table S2, group 12, Ref. 21",,One row per named fitted component. Bimodal components share a parent group; neither components nor parameters are individual pores.
LITM-0109,park_santamarina_benchmark,LIT-001,Park & Santamarina (2020),carbonate,intact rock,Park & Santamarina S2 source-specific group,source-specific; not mapped here,PARK-S2-CAR-INT-12,PARK-S2-CAR-INT-12,Carbonate-1 (2),one named S2 dataset/group; underlying specimen count source-specific,pore_size,fitted pore-scale distribution,fitted distribution mean,3.59,,,,,um,Park & Santamarina Table S2 mean pore diameter μd; source-specific fitted distribution component,source-dependent distribution fitted by Park & Santamarina,source-dependent; retain S2 component and cited source reference,,,"Park & Santamarina 2020 Supplementary Table S2, group 12, Ref. 21",,One row per named fitted component. Bimodal components share a parent group; neither components nor parameters are individual pores.
LITM-0110,park_santamarina_benchmark,LIT-001,Park & Santamarina (2020),carbonate,intact rock,Park & Santamarina S2 source-specific group,source-specific; not mapped here,PARK-S2-CAR-INT-12,PARK-S2-CAR-INT-12,Carbonate-1 (2),one named S2 dataset/group; underlying specimen count source-specific,pore_size,fitted pore-scale distribution,fitted distribution standard deviation,1.49,,,,,um,Park & Santamarina Table S2 mean pore diameter μd; source-specific fitted distribution component,source-dependent distribution fitted by Park & Santamarina,source-dependent; retain S2 component and cited source reference,,,"Park & Santamarina 2020 Supplementary Table S2, group 12, Ref. 21",,One row per named fitted component. Bimodal components share a parent group; neither components nor parameters are individual pores.
LITM-0111,park_santamarina_benchmark,LIT-001,Park & Santamarina (2020),carbonate,intact rock,Park & Santamarina S2 source-specific group,source-specific; not mapped here,PARK-S2-CAR-INT-13,PARK-S2-CAR-INT-13,Carbonate-2,one named S2 dataset/group; underlying specimen count source-specific,pore_size,fitted pore-scale distribution,fitted distribution mean,9.41,,,,,um,Park & Santamarina Table S2 mean pore diameter μd; source-specific fitted distribution component,source-dependent distribution fitted by Park & Santamarina,source-dependent; retain S2 component and cited source reference,,,"Park & Santamarina 2020 Supplementary Table S2, group 13, Ref. 21",,One row per named fitted component. Bimodal components share a parent group; neither components nor parameters are individual pores.
LITM-0112,park_santamarina_benchmark,LIT-001,Park & Santamarina (2020),carbonate,intact rock,Park & Santamarina S2 source-specific group,source-specific; not mapped here,PARK-S2-CAR-INT-13,PARK-S2-CAR-INT-13,Carbonate-2,one named S2 dataset/group; underlying specimen count source-specific,pore_size,fitted pore-scale distribution,fitted distribution standard deviation,4.24,,,,,um,Park & Santamarina Table S2 mean pore diameter μd; source-specific fitted distribution component,source-dependent distribution fitted by Park & Santamarina,source-dependent; retain S2 component and cited source reference,,,"Park & Santamarina 2020 Supplementary Table S2, group 13, Ref. 21",,One row per named fitted component. Bimodal components share a parent group; neither components nor parameters are individual pores.
LITM-0113,park_santamarina_benchmark,LIT-001,Park & Santamarina (2020),carbonate,intact rock,Park & Santamarina S2 source-specific group,source-specific; not mapped here,PARK-S2-CAR-INT-14,PARK-S2-CAR-INT-14,Carbonate-3 (1),one named S2 dataset/group; underlying specimen count source-specific,pore_size,fitted pore-scale distribution,fitted distribution mean,10.6,,,,,um,Park & Santamarina Table S2 mean pore diameter μd; source-specific fitted distribution component,source-dependent distribution fitted by Park & Santamarina,source-dependent; retain S2 component and cited source reference,,,"Park & Santamarina 2020 Supplementary Table S2, group 14, Ref. 21",,One row per named fitted component. Bimodal components share a parent group; neither components nor parameters are individual pores.
LITM-0114,park_santamarina_benchmark,LIT-001,Park & Santamarina (2020),carbonate,intact rock,Park & Santamarina S2 source-specific group,source-specific; not mapped here,PARK-S2-CAR-INT-14,PARK-S2-CAR-INT-14,Carbonate-3 (1),one named S2 dataset/group; underlying specimen count source-specific,pore_size,fitted pore-scale distribution,fitted distribution standard deviation,4.54,,,,,um,Park & Santamarina Table S2 mean pore diameter μd; source-specific fitted distribution component,source-dependent distribution fitted by Park & Santamarina,source-dependent; retain S2 component and cited source reference,,,"Park & Santamarina 2020 Supplementary Table S2, group 14, Ref. 21",,One row per named fitted component. Bimodal components share a parent group; neither components nor parameters are individual pores.
LITM-0115,park_santamarina_benchmark,LIT-001,Park & Santamarina (2020),carbonate,intact rock,Park & Santamarina S2 source-specific group,source-specific; not mapped here,PARK-S2-CAR-INT-14,PARK-S2-CAR-INT-14,Carbonate-3 (2),one named S2 dataset/group; underlying specimen count source-specific,pore_size,fitted pore-scale distribution,fitted distribution mean,2.52,,,,,um,Park & Santamarina Table S2 mean pore diameter μd; source-specific fitted distribution component,source-dependent distribution fitted by Park & Santamarina,source-dependent; retain S2 component and cited source reference,,,"Park & Santamarina 2020 Supplementary Table S2, group 14, Ref. 21",,One row per named fitted component. Bimodal components share a parent group; neither components nor parameters are individual pores.
LITM-0116,park_santamarina_benchmark,LIT-001,Park & Santamarina (2020),carbonate,intact rock,Park & Santamarina S2 source-specific group,source-specific; not mapped here,PARK-S2-CAR-INT-14,PARK-S2-CAR-INT-14,Carbonate-3 (2),one named S2 dataset/group; underlying specimen count source-specific,pore_size,fitted pore-scale distribution,fitted distribution standard deviation,1.34,,,,,um,Park & Santamarina Table S2 mean pore diameter μd; source-specific fitted distribution component,source-dependent distribution fitted by Park & Santamarina,source-dependent; retain S2 component and cited source reference,,,"Park & Santamarina 2020 Supplementary Table S2, group 14, Ref. 21",,One row per named fitted component. Bimodal components share a parent group; neither components nor parameters are individual pores.
LITM-0117,park_santamarina_benchmark,LIT-001,Park & Santamarina (2020),carbonate,intact rock,Park & Santamarina S2 source-specific group,source-specific; not mapped here,PARK-S2-CAR-INT-15,PARK-S2-CAR-INT-15,Carbonate-4,one named S2 dataset/group; underlying specimen count source-specific,pore_size,fitted pore-scale distribution,fitted distribution mean,19.1,,,,,um,Park & Santamarina Table S2 mean pore diameter μd; source-specific fitted distribution component,source-dependent distribution fitted by Park & Santamarina,source-dependent; retain S2 component and cited source reference,,,"Park & Santamarina 2020 Supplementary Table S2, group 15, Ref. 21",,One row per named fitted component. Bimodal components share a parent group; neither components nor parameters are individual pores.
LITM-0118,park_santamarina_benchmark,LIT-001,Park & Santamarina (2020),carbonate,intact rock,Park & Santamarina S2 source-specific group,source-specific; not mapped here,PARK-S2-CAR-INT-15,PARK-S2-CAR-INT-15,Carbonate-4,one named S2 dataset/group; underlying specimen count source-specific,pore_size,fitted pore-scale distribution,fitted distribution standard deviation,11.3,,,,,um,Park & Santamarina Table S2 mean pore diameter μd; source-specific fitted distribution component,source-dependent distribution fitted by Park & Santamarina,source-dependent; retain S2 component and cited source reference,,,"Park & Santamarina 2020 Supplementary Table S2, group 15, Ref. 21",,One row per named fitted component. Bimodal components share a parent group; neither components nor parameters are individual pores.
LITM-0119,park_santamarina_benchmark,LIT-001,Park & Santamarina (2020),carbonate,intact rock,Park & Santamarina S2 source-specific group,source-specific; not mapped here,PARK-S2-CAR-INT-16,PARK-S2-CAR-INT-16,Carbonate-5 (1),one named S2 dataset/group; underlying specimen count source-specific,pore_size,fitted pore-scale distribution,fitted distribution mean,16.1,,,,,um,Park & Santamarina Table S2 mean pore diameter μd; source-specific fitted distribution component,source-dependent distribution fitted by Park & Santamarina,source-dependent; retain S2 component and cited source reference,,,"Park & Santamarina 2020 Supplementary Table S2, group 16, Ref. 21",,One row per named fitted component. Bimodal components share a parent group; neither components nor parameters are individual pores.
LITM-0120,park_santamarina_benchmark,LIT-001,Park & Santamarina (2020),carbonate,intact rock,Park & Santamarina S2 source-specific group,source-specific; not mapped here,PARK-S2-CAR-INT-16,PARK-S2-CAR-INT-16,Carbonate-5 (1),one named S2 dataset/group; underlying specimen count source-specific,pore_size,fitted pore-scale distribution,fitted distribution standard deviation,10.6,,,,,um,Park & Santamarina Table S2 mean pore diameter μd; source-specific fitted distribution component,source-dependent distribution fitted by Park & Santamarina,source-dependent; retain S2 component and cited source reference,,,"Park & Santamarina 2020 Supplementary Table S2, group 16, Ref. 21",,One row per named fitted component. Bimodal components share a parent group; neither components nor parameters are individual pores.
LITM-0121,park_santamarina_benchmark,LIT-001,Park & Santamarina (2020),carbonate,intact rock,Park & Santamarina S2 source-specific group,source-specific; not mapped here,PARK-S2-CAR-INT-16,PARK-S2-CAR-INT-16,Carbonate-5 (2),one named S2 dataset/group; underlying specimen count source-specific,pore_size,fitted pore-scale distribution,fitted distribution mean,2.39,,,,,um,Park & Santamarina Table S2 mean pore diameter μd; source-specific fitted distribution component,source-dependent distribution fitted by Park & Santamarina,source-dependent; retain S2 component and cited source reference,,,"Park & Santamarina 2020 Supplementary Table S2, group 16, Ref. 21",,One row per named fitted component. Bimodal components share a parent group; neither components nor parameters are individual pores.
LITM-0122,park_santamarina_benchmark,LIT-001,Park & Santamarina (2020),carbonate,intact rock,Park & Santamarina S2 source-specific group,source-specific; not mapped here,PARK-S2-CAR-INT-16,PARK-S2-CAR-INT-16,Carbonate-5 (2),one named S2 dataset/group; underlying specimen count source-specific,pore_size,fitted pore-scale distribution,fitted distribution standard deviation,1.27,,,,,um,Park & Santamarina Table S2 mean pore diameter μd; source-specific fitted distribution component,source-dependent distribution fitted by Park & Santamarina,source-dependent; retain S2 component and cited source reference,,,"Park & Santamarina 2020 Supplementary Table S2, group 16, Ref. 21",,One row per named fitted component. Bimodal components share a parent group; neither components nor parameters are individual pores.
LITM-0123,park_santamarina_benchmark,LIT-001,Park & Santamarina (2020),carbonate,intact rock,Park & Santamarina S2 source-specific group,source-specific; not mapped here,PARK-S2-CAR-INT-17,PARK-S2-CAR-INT-17,Carbonate-6 (1),one named S2 dataset/group; underlying specimen count source-specific,pore_size,fitted pore-scale distribution,fitted distribution mean,16.1,,,,,um,Park & Santamarina Table S2 mean pore diameter μd; source-specific fitted distribution component,source-dependent distribution fitted by Park & Santamarina,source-dependent; retain S2 component and cited source reference,,,"Park & Santamarina 2020 Supplementary Table S2, group 17, Ref. 21",,One row per named fitted component. Bimodal components share a parent group; neither components nor parameters are individual pores.
LITM-0124,park_santamarina_benchmark,LIT-001,Park & Santamarina (2020),carbonate,intact rock,Park & Santamarina S2 source-specific group,source-specific; not mapped here,PARK-S2-CAR-INT-17,PARK-S2-CAR-INT-17,Carbonate-6 (1),one named S2 dataset/group; underlying specimen count source-specific,pore_size,fitted pore-scale distribution,fitted distribution standard deviation,10.6,,,,,um,Park & Santamarina Table S2 mean pore diameter μd; source-specific fitted distribution component,source-dependent distribution fitted by Park & Santamarina,source-dependent; retain S2 component and cited source reference,,,"Park & Santamarina 2020 Supplementary Table S2, group 17, Ref. 21",,One row per named fitted component. Bimodal components share a parent group; neither components nor parameters are individual pores.
LITM-0125,park_santamarina_benchmark,LIT-001,Park & Santamarina (2020),carbonate,intact rock,Park & Santamarina S2 source-specific group,source-specific; not mapped here,PARK-S2-CAR-INT-17,PARK-S2-CAR-INT-17,Carbonate-6 (2),one named S2 dataset/group; underlying specimen count source-specific,pore_size,fitted pore-scale distribution,fitted distribution mean,3.40,,,,,um,Park & Santamarina Table S2 mean pore diameter μd; source-specific fitted distribution component,source-dependent distribution fitted by Park & Santamarina,source-dependent; retain S2 component and cited source reference,,,"Park & Santamarina 2020 Supplementary Table S2, group 17, Ref. 21",,One row per named fitted component. Bimodal components share a parent group; neither components nor parameters are individual pores.
LITM-0126,park_santamarina_benchmark,LIT-001,Park & Santamarina (2020),carbonate,intact rock,Park & Santamarina S2 source-specific group,source-specific; not mapped here,PARK-S2-CAR-INT-17,PARK-S2-CAR-INT-17,Carbonate-6 (2),one named S2 dataset/group; underlying specimen count source-specific,pore_size,fitted pore-scale distribution,fitted distribution standard deviation,1.81,,,,,um,Park & Santamarina Table S2 mean pore diameter μd; source-specific fitted distribution component,source-dependent distribution fitted by Park & Santamarina,source-dependent; retain S2 component and cited source reference,,,"Park & Santamarina 2020 Supplementary Table S2, group 17, Ref. 21",,One row per named fitted component. Bimodal components share a parent group; neither components nor parameters are individual pores.
LITM-0127,park_santamarina_benchmark,LIT-001,Park & Santamarina (2020),carbonate,intact rock,Park & Santamarina S2 source-specific group,source-specific; not mapped here,PARK-S2-CAR-INT-18,PARK-S2-CAR-INT-18,Carbonate-7 (1),one named S2 dataset/group; underlying specimen count source-specific,pore_size,fitted pore-scale distribution,fitted distribution mean,19.8,,,,,um,Park & Santamarina Table S2 mean pore diameter μd; source-specific fitted distribution component,source-dependent distribution fitted by Park & Santamarina,source-dependent; retain S2 component and cited source reference,,,"Park & Santamarina 2020 Supplementary Table S2, group 18, Ref. 21",,One row per named fitted component. Bimodal components share a parent group; neither components nor parameters are individual pores.
LITM-0128,park_santamarina_benchmark,LIT-001,Park & Santamarina (2020),carbonate,intact rock,Park & Santamarina S2 source-specific group,source-specific; not mapped here,PARK-S2-CAR-INT-18,PARK-S2-CAR-INT-18,Carbonate-7 (1),one named S2 dataset/group; underlying specimen count source-specific,pore_size,fitted pore-scale distribution,fitted distribution standard deviation,8.71,,,,,um,Park & Santamarina Table S2 mean pore diameter μd; source-specific fitted distribution component,source-dependent distribution fitted by Park & Santamarina,source-dependent; retain S2 component and cited source reference,,,"Park & Santamarina 2020 Supplementary Table S2, group 18, Ref. 21",,One row per named fitted component. Bimodal components share a parent group; neither components nor parameters are individual pores.
LITM-0129,park_santamarina_benchmark,LIT-001,Park & Santamarina (2020),carbonate,intact rock,Park & Santamarina S2 source-specific group,source-specific; not mapped here,PARK-S2-CAR-INT-18,PARK-S2-CAR-INT-18,Carbonate-7 (2),one named S2 dataset/group; underlying specimen count source-specific,pore_size,fitted pore-scale distribution,fitted distribution mean,3.30,,,,,um,Park & Santamarina Table S2 mean pore diameter μd; source-specific fitted distribution component,source-dependent distribution fitted by Park & Santamarina,source-dependent; retain S2 component and cited source reference,,,"Park & Santamarina 2020 Supplementary Table S2, group 18, Ref. 21",,One row per named fitted component. Bimodal components share a parent group; neither components nor parameters are individual pores.
LITM-0130,park_santamarina_benchmark,LIT-001,Park & Santamarina (2020),carbonate,intact rock,Park & Santamarina S2 source-specific group,source-specific; not mapped here,PARK-S2-CAR-INT-18,PARK-S2-CAR-INT-18,Carbonate-7 (2),one named S2 dataset/group; underlying specimen count source-specific,pore_size,fitted pore-scale distribution,fitted distribution standard deviation,2.62,,,,,um,Park & Santamarina Table S2 mean pore diameter μd; source-specific fitted distribution component,source-dependent distribution fitted by Park & Santamarina,source-dependent; retain S2 component and cited source reference,,,"Park & Santamarina 2020 Supplementary Table S2, group 18, Ref. 21",,One row per named fitted component. Bimodal components share a parent group; neither components nor parameters are individual pores.
LITM-0131,park_santamarina_benchmark,LIT-001,Park & Santamarina (2020),carbonate,intact rock,Park & Santamarina S2 source-specific group,source-specific; not mapped here,PARK-S2-CAR-INT-19,PARK-S2-CAR-INT-19,Carbonate-8 (1),one named S2 dataset/group; underlying specimen count source-specific,pore_size,fitted pore-scale distribution,fitted distribution mean,16.1,,,,,um,Park & Santamarina Table S2 mean pore diameter μd; source-specific fitted distribution component,source-dependent distribution fitted by Park & Santamarina,source-dependent; retain S2 component and cited source reference,,,"Park & Santamarina 2020 Supplementary Table S2, group 19, Ref. 21",,One row per named fitted component. Bimodal components share a parent group; neither components nor parameters are individual pores.
LITM-0132,park_santamarina_benchmark,LIT-001,Park & Santamarina (2020),carbonate,intact rock,Park & Santamarina S2 source-specific group,source-specific; not mapped here,PARK-S2-CAR-INT-19,PARK-S2-CAR-INT-19,Carbonate-8 (1),one named S2 dataset/group; underlying specimen count source-specific,pore_size,fitted pore-scale distribution,fitted distribution standard deviation,10.6,,,,,um,Park & Santamarina Table S2 mean pore diameter μd; source-specific fitted distribution component,source-dependent distribution fitted by Park & Santamarina,source-dependent; retain S2 component and cited source reference,,,"Park & Santamarina 2020 Supplementary Table S2, group 19, Ref. 21",,One row per named fitted component. Bimodal components share a parent group; neither components nor parameters are individual pores.
LITM-0133,park_santamarina_benchmark,LIT-001,Park & Santamarina (2020),carbonate,intact rock,Park & Santamarina S2 source-specific group,source-specific; not mapped here,PARK-S2-CAR-INT-19,PARK-S2-CAR-INT-19,Carbonate-8 (2),one named S2 dataset/group; underlying specimen count source-specific,pore_size,fitted pore-scale distribution,fitted distribution mean,3.83,,,,,um,Park & Santamarina Table S2 mean pore diameter μd; source-specific fitted distribution component,source-dependent distribution fitted by Park & Santamarina,source-dependent; retain S2 component and cited source reference,,,"Park & Santamarina 2020 Supplementary Table S2, group 19, Ref. 21",,One row per named fitted component. Bimodal components share a parent group; neither components nor parameters are individual pores.
LITM-0134,park_santamarina_benchmark,LIT-001,Park & Santamarina (2020),carbonate,intact rock,Park & Santamarina S2 source-specific group,source-specific; not mapped here,PARK-S2-CAR-INT-19,PARK-S2-CAR-INT-19,Carbonate-8 (2),one named S2 dataset/group; underlying specimen count source-specific,pore_size,fitted pore-scale distribution,fitted distribution standard deviation,3.05,,,,,um,Park & Santamarina Table S2 mean pore diameter μd; source-specific fitted distribution component,source-dependent distribution fitted by Park & Santamarina,source-dependent; retain S2 component and cited source reference,,,"Park & Santamarina 2020 Supplementary Table S2, group 19, Ref. 21",,One row per named fitted component. Bimodal components share a parent group; neither components nor parameters are individual pores.
LITM-0135,park_santamarina_benchmark,LIT-001,Park & Santamarina (2020),carbonate,intact rock,Park & Santamarina S2 source-specific group,source-specific; not mapped here,PARK-S2-CAR-INT-20,PARK-S2-CAR-INT-20,Carbonate-9 (1),one named S2 dataset/group; underlying specimen count source-specific,pore_size,fitted pore-scale distribution,fitted distribution mean,21.7,,,,,um,Park & Santamarina Table S2 mean pore diameter μd; source-specific fitted distribution component,source-dependent distribution fitted by Park & Santamarina,source-dependent; retain S2 component and cited source reference,,,"Park & Santamarina 2020 Supplementary Table S2, group 20, Ref. 21",,One row per named fitted component. Bimodal components share a parent group; neither components nor parameters are individual pores.
LITM-0136,park_santamarina_benchmark,LIT-001,Park & Santamarina (2020),carbonate,intact rock,Park & Santamarina S2 source-specific group,source-specific; not mapped here,PARK-S2-CAR-INT-20,PARK-S2-CAR-INT-20,Carbonate-9 (1),one named S2 dataset/group; underlying specimen count source-specific,pore_size,fitted pore-scale distribution,fitted distribution standard deviation,14.3,,,,,um,Park & Santamarina Table S2 mean pore diameter μd; source-specific fitted distribution component,source-dependent distribution fitted by Park & Santamarina,source-dependent; retain S2 component and cited source reference,,,"Park & Santamarina 2020 Supplementary Table S2, group 20, Ref. 21",,One row per named fitted component. Bimodal components share a parent group; neither components nor parameters are individual pores.
LITM-0137,park_santamarina_benchmark,LIT-001,Park & Santamarina (2020),carbonate,intact rock,Park & Santamarina S2 source-specific group,source-specific; not mapped here,PARK-S2-CAR-INT-20,PARK-S2-CAR-INT-20,Carbonate-9 (2),one named S2 dataset/group; underlying specimen count source-specific,pore_size,fitted pore-scale distribution,fitted distribution mean,3.25,,,,,um,Park & Santamarina Table S2 mean pore diameter μd; source-specific fitted distribution component,source-dependent distribution fitted by Park & Santamarina,source-dependent; retain S2 component and cited source reference,,,"Park & Santamarina 2020 Supplementary Table S2, group 20, Ref. 21",,One row per named fitted component. Bimodal components share a parent group; neither components nor parameters are individual pores.
LITM-0138,park_santamarina_benchmark,LIT-001,Park & Santamarina (2020),carbonate,intact rock,Park & Santamarina S2 source-specific group,source-specific; not mapped here,PARK-S2-CAR-INT-20,PARK-S2-CAR-INT-20,Carbonate-9 (2),one named S2 dataset/group; underlying specimen count source-specific,pore_size,fitted pore-scale distribution,fitted distribution standard deviation,2.14,,,,,um,Park & Santamarina Table S2 mean pore diameter μd; source-specific fitted distribution component,source-dependent distribution fitted by Park & Santamarina,source-dependent; retain S2 component and cited source reference,,,"Park & Santamarina 2020 Supplementary Table S2, group 20, Ref. 21",,One row per named fitted component. Bimodal components share a parent group; neither components nor parameters are individual pores.
LITM-0139,park_santamarina_benchmark,LIT-001,Park & Santamarina (2020),carbonate,intact rock,Park & Santamarina S2 source-specific group,source-specific; not mapped here,PARK-S2-CAR-INT-21,PARK-S2-CAR-INT-21,Carbonate-10 (1),one named S2 dataset/group; underlying specimen count source-specific,pore_size,fitted pore-scale distribution,fitted distribution mean,18.1,,,,,um,Park & Santamarina Table S2 mean pore diameter μd; source-specific fitted distribution component,source-dependent distribution fitted by Park & Santamarina,source-dependent; retain S2 component and cited source reference,,,"Park & Santamarina 2020 Supplementary Table S2, group 21, Ref. 21",,One row per named fitted component. Bimodal components share a parent group; neither components nor parameters are individual pores.
LITM-0140,park_santamarina_benchmark,LIT-001,Park & Santamarina (2020),carbonate,intact rock,Park & Santamarina S2 source-specific group,source-specific; not mapped here,PARK-S2-CAR-INT-21,PARK-S2-CAR-INT-21,Carbonate-10 (1),one named S2 dataset/group; underlying specimen count source-specific,pore_size,fitted pore-scale distribution,fitted distribution standard deviation,10.8,,,,,um,Park & Santamarina Table S2 mean pore diameter μd; source-specific fitted distribution component,source-dependent distribution fitted by Park & Santamarina,source-dependent; retain S2 component and cited source reference,,,"Park & Santamarina 2020 Supplementary Table S2, group 21, Ref. 21",,One row per named fitted component. Bimodal components share a parent group; neither components nor parameters are individual pores.
LITM-0141,park_santamarina_benchmark,LIT-001,Park & Santamarina (2020),carbonate,intact rock,Park & Santamarina S2 source-specific group,source-specific; not mapped here,PARK-S2-CAR-INT-21,PARK-S2-CAR-INT-21,Carbonate-10 (2),one named S2 dataset/group; underlying specimen count source-specific,pore_size,fitted pore-scale distribution,fitted distribution mean,3.25,,,,,um,Park & Santamarina Table S2 mean pore diameter μd; source-specific fitted distribution component,source-dependent distribution fitted by Park & Santamarina,source-dependent; retain S2 component and cited source reference,,,"Park & Santamarina 2020 Supplementary Table S2, group 21, Ref. 21",,One row per named fitted component. Bimodal components share a parent group; neither components nor parameters are individual pores.
LITM-0142,park_santamarina_benchmark,LIT-001,Park & Santamarina (2020),carbonate,intact rock,Park & Santamarina S2 source-specific group,source-specific; not mapped here,PARK-S2-CAR-INT-21,PARK-S2-CAR-INT-21,Carbonate-10 (2),one named S2 dataset/group; underlying specimen count source-specific,pore_size,fitted pore-scale distribution,fitted distribution standard deviation,2.14,,,,,um,Park & Santamarina Table S2 mean pore diameter μd; source-specific fitted distribution component,source-dependent distribution fitted by Park & Santamarina,source-dependent; retain S2 component and cited source reference,,,"Park & Santamarina 2020 Supplementary Table S2, group 21, Ref. 21",,One row per named fitted component. Bimodal components share a parent group; neither components nor parameters are individual pores.
LITM-0143,park_santamarina_benchmark,LIT-001,Park & Santamarina (2020),carbonate,intact rock,Park & Santamarina S2 source-specific group,source-specific; not mapped here,PARK-S2-CAR-INT-22,PARK-S2-CAR-INT-22,Carbonate-11 (1),one named S2 dataset/group; underlying specimen count source-specific,pore_size,fitted pore-scale distribution,fitted distribution mean,17.3,,,,,um,Park & Santamarina Table S2 mean pore diameter μd; source-specific fitted distribution component,source-dependent distribution fitted by Park & Santamarina,source-dependent; retain S2 component and cited source reference,,,"Park & Santamarina 2020 Supplementary Table S2, group 22, Ref. 21",,One row per named fitted component. Bimodal components share a parent group; neither components nor parameters are individual pores.
LITM-0144,park_santamarina_benchmark,LIT-001,Park & Santamarina (2020),carbonate,intact rock,Park & Santamarina S2 source-specific group,source-specific; not mapped here,PARK-S2-CAR-INT-22,PARK-S2-CAR-INT-22,Carbonate-11 (1),one named S2 dataset/group; underlying specimen count source-specific,pore_size,fitted pore-scale distribution,fitted distribution standard deviation,5.68,,,,,um,Park & Santamarina Table S2 mean pore diameter μd; source-specific fitted distribution component,source-dependent distribution fitted by Park & Santamarina,source-dependent; retain S2 component and cited source reference,,,"Park & Santamarina 2020 Supplementary Table S2, group 22, Ref. 21",,One row per named fitted component. Bimodal components share a parent group; neither components nor parameters are individual pores.
LITM-0145,park_santamarina_benchmark,LIT-001,Park & Santamarina (2020),carbonate,intact rock,Park & Santamarina S2 source-specific group,source-specific; not mapped here,PARK-S2-CAR-INT-22,PARK-S2-CAR-INT-22,Carbonate-11 (2),one named S2 dataset/group; underlying specimen count source-specific,pore_size,fitted pore-scale distribution,fitted distribution mean,3.33,,,,,um,Park & Santamarina Table S2 mean pore diameter μd; source-specific fitted distribution component,source-dependent distribution fitted by Park & Santamarina,source-dependent; retain S2 component and cited source reference,,,"Park & Santamarina 2020 Supplementary Table S2, group 22, Ref. 21",,One row per named fitted component. Bimodal components share a parent group; neither components nor parameters are individual pores.
LITM-0146,park_santamarina_benchmark,LIT-001,Park & Santamarina (2020),carbonate,intact rock,Park & Santamarina S2 source-specific group,source-specific; not mapped here,PARK-S2-CAR-INT-22,PARK-S2-CAR-INT-22,Carbonate-11 (2),one named S2 dataset/group; underlying specimen count source-specific,pore_size,fitted pore-scale distribution,fitted distribution standard deviation,2.37,,,,,um,Park & Santamarina Table S2 mean pore diameter μd; source-specific fitted distribution component,source-dependent distribution fitted by Park & Santamarina,source-dependent; retain S2 component and cited source reference,,,"Park & Santamarina 2020 Supplementary Table S2, group 22, Ref. 21",,One row per named fitted component. Bimodal components share a parent group; neither components nor parameters are individual pores.
LITM-0147,park_santamarina_benchmark,LIT-001,Park & Santamarina (2020),carbonate,intact rock,Park & Santamarina S2 source-specific group,source-specific; not mapped here,PARK-S2-CAR-INT-23,PARK-S2-CAR-INT-23,Carbonate-12 (1),one named S2 dataset/group; underlying specimen count source-specific,pore_size,fitted pore-scale distribution,fitted distribution mean,18.6,,,,,um,Park & Santamarina Table S2 mean pore diameter μd; source-specific fitted distribution component,source-dependent distribution fitted by Park & Santamarina,source-dependent; retain S2 component and cited source reference,,,"Park & Santamarina 2020 Supplementary Table S2, group 23, Ref. 21",,One row per named fitted component. Bimodal components share a parent group; neither components nor parameters are individual pores.
LITM-0148,park_santamarina_benchmark,LIT-001,Park & Santamarina (2020),carbonate,intact rock,Park & Santamarina S2 source-specific group,source-specific; not mapped here,PARK-S2-CAR-INT-23,PARK-S2-CAR-INT-23,Carbonate-12 (1),one named S2 dataset/group; underlying specimen count source-specific,pore_size,fitted pore-scale distribution,fitted distribution standard deviation,9.93,,,,,um,Park & Santamarina Table S2 mean pore diameter μd; source-specific fitted distribution component,source-dependent distribution fitted by Park & Santamarina,source-dependent; retain S2 component and cited source reference,,,"Park & Santamarina 2020 Supplementary Table S2, group 23, Ref. 21",,One row per named fitted component. Bimodal components share a parent group; neither components nor parameters are individual pores.
LITM-0149,park_santamarina_benchmark,LIT-001,Park & Santamarina (2020),carbonate,intact rock,Park & Santamarina S2 source-specific group,source-specific; not mapped here,PARK-S2-CAR-INT-23,PARK-S2-CAR-INT-23,Carbonate-12 (2),one named S2 dataset/group; underlying specimen count source-specific,pore_size,fitted pore-scale distribution,fitted distribution mean,3.97,,,,,um,Park & Santamarina Table S2 mean pore diameter μd; source-specific fitted distribution component,source-dependent distribution fitted by Park & Santamarina,source-dependent; retain S2 component and cited source reference,,,"Park & Santamarina 2020 Supplementary Table S2, group 23, Ref. 21",,One row per named fitted component. Bimodal components share a parent group; neither components nor parameters are individual pores.
LITM-0150,park_santamarina_benchmark,LIT-001,Park & Santamarina (2020),carbonate,intact rock,Park & Santamarina S2 source-specific group,source-specific; not mapped here,PARK-S2-CAR-INT-23,PARK-S2-CAR-INT-23,Carbonate-12 (2),one named S2 dataset/group; underlying specimen count source-specific,pore_size,fitted pore-scale distribution,fitted distribution standard deviation,2.61,,,,,um,Park & Santamarina Table S2 mean pore diameter μd; source-specific fitted distribution component,source-dependent distribution fitted by Park & Santamarina,source-dependent; retain S2 component and cited source reference,,,"Park & Santamarina 2020 Supplementary Table S2, group 23, Ref. 21",,One row per named fitted component. Bimodal components share a parent group; neither components nor parameters are individual pores.
LITM-0151,park_santamarina_benchmark,LIT-001,Park & Santamarina (2020),sandstone,intact rock,Park & Santamarina S2 source-specific group,source-specific; not mapped here,PARK-S2-SAN-INT-01,PARK-S2-SAN-INT-01,C11,one named S2 dataset/group; underlying specimen count source-specific,pore_size,fitted pore-scale distribution,fitted distribution mean,0.603,,,,,um,Park & Santamarina Table S2 mean pore diameter μd; source-specific fitted distribution component,source-dependent distribution fitted by Park & Santamarina,source-dependent; retain S2 component and cited source reference,,,"Park & Santamarina 2020 Supplementary Table S2, group 1, Ref. 22",,One row per named fitted component. Bimodal components share a parent group; neither components nor parameters are individual pores.
LITM-0152,park_santamarina_benchmark,LIT-001,Park & Santamarina (2020),sandstone,intact rock,Park & Santamarina S2 source-specific group,source-specific; not mapped here,PARK-S2-SAN-INT-01,PARK-S2-SAN-INT-01,C11,one named S2 dataset/group; underlying specimen count source-specific,pore_size,fitted pore-scale distribution,fitted distribution standard deviation,0.479,,,,,um,Park & Santamarina Table S2 mean pore diameter μd; source-specific fitted distribution component,source-dependent distribution fitted by Park & Santamarina,source-dependent; retain S2 component and cited source reference,,,"Park & Santamarina 2020 Supplementary Table S2, group 1, Ref. 22",,One row per named fitted component. Bimodal components share a parent group; neither components nor parameters are individual pores.
LITM-0153,park_santamarina_benchmark,LIT-001,Park & Santamarina (2020),sandstone,intact rock,Park & Santamarina S2 source-specific group,source-specific; not mapped here,PARK-S2-SAN-INT-02,PARK-S2-SAN-INT-02,C29,one named S2 dataset/group; underlying specimen count source-specific,pore_size,fitted pore-scale distribution,fitted distribution mean,0.228,,,,,um,Park & Santamarina Table S2 mean pore diameter μd; source-specific fitted distribution component,source-dependent distribution fitted by Park & Santamarina,source-dependent; retain S2 component and cited source reference,,,"Park & Santamarina 2020 Supplementary Table S2, group 2, Ref. 22",,One row per named fitted component. Bimodal components share a parent group; neither components nor parameters are individual pores.
LITM-0154,park_santamarina_benchmark,LIT-001,Park & Santamarina (2020),sandstone,intact rock,Park & Santamarina S2 source-specific group,source-specific; not mapped here,PARK-S2-SAN-INT-02,PARK-S2-SAN-INT-02,C29,one named S2 dataset/group; underlying specimen count source-specific,pore_size,fitted pore-scale distribution,fitted distribution standard deviation,0.121,,,,,um,Park & Santamarina Table S2 mean pore diameter μd; source-specific fitted distribution component,source-dependent distribution fitted by Park & Santamarina,source-dependent; retain S2 component and cited source reference,,,"Park & Santamarina 2020 Supplementary Table S2, group 2, Ref. 22",,One row per named fitted component. Bimodal components share a parent group; neither components nor parameters are individual pores.
LITM-0155,park_santamarina_benchmark,LIT-001,Park & Santamarina (2020),sandstone,intact rock,Park & Santamarina S2 source-specific group,source-specific; not mapped here,PARK-S2-SAN-INT-03,PARK-S2-SAN-INT-03,No.1,one named S2 dataset/group; underlying specimen count source-specific,pore_size,fitted pore-scale distribution,fitted distribution mean,0.023,,,,,um,Park & Santamarina Table S2 mean pore diameter μd; source-specific fitted distribution component,source-dependent distribution fitted by Park & Santamarina,source-dependent; retain S2 component and cited source reference,,,"Park & Santamarina 2020 Supplementary Table S2, group 3, Ref. 23",,One row per named fitted component. Bimodal components share a parent group; neither components nor parameters are individual pores.
LITM-0156,park_santamarina_benchmark,LIT-001,Park & Santamarina (2020),sandstone,intact rock,Park & Santamarina S2 source-specific group,source-specific; not mapped here,PARK-S2-SAN-INT-03,PARK-S2-SAN-INT-03,No.1,one named S2 dataset/group; underlying specimen count source-specific,pore_size,fitted pore-scale distribution,fitted distribution standard deviation,0.011,,,,,um,Park & Santamarina Table S2 mean pore diameter μd; source-specific fitted distribution component,source-dependent distribution fitted by Park & Santamarina,source-dependent; retain S2 component and cited source reference,,,"Park & Santamarina 2020 Supplementary Table S2, group 3, Ref. 23",,One row per named fitted component. Bimodal components share a parent group; neither components nor parameters are individual pores.
LITM-0157,park_santamarina_benchmark,LIT-001,Park & Santamarina (2020),sandstone,intact rock,Park & Santamarina S2 source-specific group,source-specific; not mapped here,PARK-S2-SAN-INT-04,PARK-S2-SAN-INT-04,No.2,one named S2 dataset/group; underlying specimen count source-specific,pore_size,fitted pore-scale distribution,fitted distribution mean,0.267,,,,,um,Park & Santamarina Table S2 mean pore diameter μd; source-specific fitted distribution component,source-dependent distribution fitted by Park & Santamarina,source-dependent; retain S2 component and cited source reference,,,"Park & Santamarina 2020 Supplementary Table S2, group 4, Ref. 23",,One row per named fitted component. Bimodal components share a parent group; neither components nor parameters are individual pores.
LITM-0158,park_santamarina_benchmark,LIT-001,Park & Santamarina (2020),sandstone,intact rock,Park & Santamarina S2 source-specific group,source-specific; not mapped here,PARK-S2-SAN-INT-04,PARK-S2-SAN-INT-04,No.2,one named S2 dataset/group; underlying specimen count source-specific,pore_size,fitted pore-scale distribution,fitted distribution standard deviation,0.096,,,,,um,Park & Santamarina Table S2 mean pore diameter μd; source-specific fitted distribution component,source-dependent distribution fitted by Park & Santamarina,source-dependent; retain S2 component and cited source reference,,,"Park & Santamarina 2020 Supplementary Table S2, group 4, Ref. 23",,One row per named fitted component. Bimodal components share a parent group; neither components nor parameters are individual pores.
LITM-0159,park_santamarina_benchmark,LIT-001,Park & Santamarina (2020),sandstone,intact rock,Park & Santamarina S2 source-specific group,source-specific; not mapped here,PARK-S2-SAN-INT-05,PARK-S2-SAN-INT-05,No.3,one named S2 dataset/group; underlying specimen count source-specific,pore_size,fitted pore-scale distribution,fitted distribution mean,0.030,,,,,um,Park & Santamarina Table S2 mean pore diameter μd; source-specific fitted distribution component,source-dependent distribution fitted by Park & Santamarina,source-dependent; retain S2 component and cited source reference,,,"Park & Santamarina 2020 Supplementary Table S2, group 5, Ref. 23",,One row per named fitted component. Bimodal components share a parent group; neither components nor parameters are individual pores.
LITM-0160,park_santamarina_benchmark,LIT-001,Park & Santamarina (2020),sandstone,intact rock,Park & Santamarina S2 source-specific group,source-specific; not mapped here,PARK-S2-SAN-INT-05,PARK-S2-SAN-INT-05,No.3,one named S2 dataset/group; underlying specimen count source-specific,pore_size,fitted pore-scale distribution,fitted distribution standard deviation,0.012,,,,,um,Park & Santamarina Table S2 mean pore diameter μd; source-specific fitted distribution component,source-dependent distribution fitted by Park & Santamarina,source-dependent; retain S2 component and cited source reference,,,"Park & Santamarina 2020 Supplementary Table S2, group 5, Ref. 23",,One row per named fitted component. Bimodal components share a parent group; neither components nor parameters are individual pores.
LITM-0161,park_santamarina_benchmark,LIT-001,Park & Santamarina (2020),sandstone,intact rock,Park & Santamarina S2 source-specific group,source-specific; not mapped here,PARK-S2-SAN-INT-06,PARK-S2-SAN-INT-06,No.4 (1),one named S2 dataset/group; underlying specimen count source-specific,pore_size,fitted pore-scale distribution,fitted distribution mean,0.264,,,,,um,Park & Santamarina Table S2 mean pore diameter μd; source-specific fitted distribution component,source-dependent distribution fitted by Park & Santamarina,source-dependent; retain S2 component and cited source reference,,,"Park & Santamarina 2020 Supplementary Table S2, group 6, Ref. 23",,One row per named fitted component. Bimodal components share a parent group; neither components nor parameters are individual pores.
LITM-0162,park_santamarina_benchmark,LIT-001,Park & Santamarina (2020),sandstone,intact rock,Park & Santamarina S2 source-specific group,source-specific; not mapped here,PARK-S2-SAN-INT-06,PARK-S2-SAN-INT-06,No.4 (1),one named S2 dataset/group; underlying specimen count source-specific,pore_size,fitted pore-scale distribution,fitted distribution standard deviation,0.087,,,,,um,Park & Santamarina Table S2 mean pore diameter μd; source-specific fitted distribution component,source-dependent distribution fitted by Park & Santamarina,source-dependent; retain S2 component and cited source reference,,,"Park & Santamarina 2020 Supplementary Table S2, group 6, Ref. 23",,One row per named fitted component. Bimodal components share a parent group; neither components nor parameters are individual pores.
LITM-0163,park_santamarina_benchmark,LIT-001,Park & Santamarina (2020),sandstone,intact rock,Park & Santamarina S2 source-specific group,source-specific; not mapped here,PARK-S2-SAN-INT-06,PARK-S2-SAN-INT-06,No.4 (2),one named S2 dataset/group; underlying specimen count source-specific,pore_size,fitted pore-scale distribution,fitted distribution mean,0.071,,,,,um,Park & Santamarina Table S2 mean pore diameter μd; source-specific fitted distribution component,source-dependent distribution fitted by Park & Santamarina,source-dependent; retain S2 component and cited source reference,,,"Park & Santamarina 2020 Supplementary Table S2, group 6, Ref. 23",,One row per named fitted component. Bimodal components share a parent group; neither components nor parameters are individual pores.
LITM-0164,park_santamarina_benchmark,LIT-001,Park & Santamarina (2020),sandstone,intact rock,Park & Santamarina S2 source-specific group,source-specific; not mapped here,PARK-S2-SAN-INT-06,PARK-S2-SAN-INT-06,No.4 (2),one named S2 dataset/group; underlying specimen count source-specific,pore_size,fitted pore-scale distribution,fitted distribution standard deviation,0.025,,,,,um,Park & Santamarina Table S2 mean pore diameter μd; source-specific fitted distribution component,source-dependent distribution fitted by Park & Santamarina,source-dependent; retain S2 component and cited source reference,,,"Park & Santamarina 2020 Supplementary Table S2, group 6, Ref. 23",,One row per named fitted component. Bimodal components share a parent group; neither components nor parameters are individual pores.
LITM-0165,park_santamarina_benchmark,LIT-001,Park & Santamarina (2020),sandstone,intact rock,Park & Santamarina S2 source-specific group,source-specific; not mapped here,PARK-S2-SAN-INT-07,PARK-S2-SAN-INT-07,No.5 (1),one named S2 dataset/group; underlying specimen count source-specific,pore_size,fitted pore-scale distribution,fitted distribution mean,0.283,,,,,um,Park & Santamarina Table S2 mean pore diameter μd; source-specific fitted distribution component,source-dependent distribution fitted by Park & Santamarina,source-dependent; retain S2 component and cited source reference,,,"Park & Santamarina 2020 Supplementary Table S2, group 7, Ref. 23",,One row per named fitted component. Bimodal components share a parent group; neither components nor parameters are individual pores.
LITM-0166,park_santamarina_benchmark,LIT-001,Park & Santamarina (2020),sandstone,intact rock,Park & Santamarina S2 source-specific group,source-specific; not mapped here,PARK-S2-SAN-INT-07,PARK-S2-SAN-INT-07,No.5 (1),one named S2 dataset/group; underlying specimen count source-specific,pore_size,fitted pore-scale distribution,fitted distribution standard deviation,0.080,,,,,um,Park & Santamarina Table S2 mean pore diameter μd; source-specific fitted distribution component,source-dependent distribution fitted by Park & Santamarina,source-dependent; retain S2 component and cited source reference,,,"Park & Santamarina 2020 Supplementary Table S2, group 7, Ref. 23",,One row per named fitted component. Bimodal components share a parent group; neither components nor parameters are individual pores.
LITM-0167,park_santamarina_benchmark,LIT-001,Park & Santamarina (2020),sandstone,intact rock,Park & Santamarina S2 source-specific group,source-specific; not mapped here,PARK-S2-SAN-INT-07,PARK-S2-SAN-INT-07,No.5 (2),one named S2 dataset/group; underlying specimen count source-specific,pore_size,fitted pore-scale distribution,fitted distribution mean,0.075,,,,,um,Park & Santamarina Table S2 mean pore diameter μd; source-specific fitted distribution component,source-dependent distribution fitted by Park & Santamarina,source-dependent; retain S2 component and cited source reference,,,"Park & Santamarina 2020 Supplementary Table S2, group 7, Ref. 23",,One row per named fitted component. Bimodal components share a parent group; neither components nor parameters are individual pores.
LITM-0168,park_santamarina_benchmark,LIT-001,Park & Santamarina (2020),sandstone,intact rock,Park & Santamarina S2 source-specific group,source-specific; not mapped here,PARK-S2-SAN-INT-07,PARK-S2-SAN-INT-07,No.5 (2),one named S2 dataset/group; underlying specimen count source-specific,pore_size,fitted pore-scale distribution,fitted distribution standard deviation,0.023,,,,,um,Park & Santamarina Table S2 mean pore diameter μd; source-specific fitted distribution component,source-dependent distribution fitted by Park & Santamarina,source-dependent; retain S2 component and cited source reference,,,"Park & Santamarina 2020 Supplementary Table S2, group 7, Ref. 23",,One row per named fitted component. Bimodal components share a parent group; neither components nor parameters are individual pores.
LITM-0169,park_santamarina_benchmark,LIT-001,Park & Santamarina (2020),sandstone,intact rock,Park & Santamarina S2 source-specific group,source-specific; not mapped here,PARK-S2-SAN-INT-08,PARK-S2-SAN-INT-08,No.6 (1),one named S2 dataset/group; underlying specimen count source-specific,pore_size,fitted pore-scale distribution,fitted distribution mean,0.342,,,,,um,Park & Santamarina Table S2 mean pore diameter μd; source-specific fitted distribution component,source-dependent distribution fitted by Park & Santamarina,source-dependent; retain S2 component and cited source reference,,,"Park & Santamarina 2020 Supplementary Table S2, group 8, Ref. 23",,One row per named fitted component. Bimodal components share a parent group; neither components nor parameters are individual pores.
LITM-0170,park_santamarina_benchmark,LIT-001,Park & Santamarina (2020),sandstone,intact rock,Park & Santamarina S2 source-specific group,source-specific; not mapped here,PARK-S2-SAN-INT-08,PARK-S2-SAN-INT-08,No.6 (1),one named S2 dataset/group; underlying specimen count source-specific,pore_size,fitted pore-scale distribution,fitted distribution standard deviation,0.097,,,,,um,Park & Santamarina Table S2 mean pore diameter μd; source-specific fitted distribution component,source-dependent distribution fitted by Park & Santamarina,source-dependent; retain S2 component and cited source reference,,,"Park & Santamarina 2020 Supplementary Table S2, group 8, Ref. 23",,One row per named fitted component. Bimodal components share a parent group; neither components nor parameters are individual pores.
LITM-0171,park_santamarina_benchmark,LIT-001,Park & Santamarina (2020),sandstone,intact rock,Park & Santamarina S2 source-specific group,source-specific; not mapped here,PARK-S2-SAN-INT-08,PARK-S2-SAN-INT-08,No.6 (2),one named S2 dataset/group; underlying specimen count source-specific,pore_size,fitted pore-scale distribution,fitted distribution mean,0.077,,,,,um,Park & Santamarina Table S2 mean pore diameter μd; source-specific fitted distribution component,source-dependent distribution fitted by Park & Santamarina,source-dependent; retain S2 component and cited source reference,,,"Park & Santamarina 2020 Supplementary Table S2, group 8, Ref. 23",,One row per named fitted component. Bimodal components share a parent group; neither components nor parameters are individual pores.
LITM-0172,park_santamarina_benchmark,LIT-001,Park & Santamarina (2020),sandstone,intact rock,Park & Santamarina S2 source-specific group,source-specific; not mapped here,PARK-S2-SAN-INT-08,PARK-S2-SAN-INT-08,No.6 (2),one named S2 dataset/group; underlying specimen count source-specific,pore_size,fitted pore-scale distribution,fitted distribution standard deviation,0.023,,,,,um,Park & Santamarina Table S2 mean pore diameter μd; source-specific fitted distribution component,source-dependent distribution fitted by Park & Santamarina,source-dependent; retain S2 component and cited source reference,,,"Park & Santamarina 2020 Supplementary Table S2, group 8, Ref. 23",,One row per named fitted component. Bimodal components share a parent group; neither components nor parameters are individual pores.
LITM-0173,park_santamarina_benchmark,LIT-001,Park & Santamarina (2020),sandstone,intact rock,Park & Santamarina S2 source-specific group,source-specific; not mapped here,PARK-S2-SAN-INT-09,PARK-S2-SAN-INT-09,No.7,one named S2 dataset/group; underlying specimen count source-specific,pore_size,fitted pore-scale distribution,fitted distribution mean,0.395,,,,,um,Park & Santamarina Table S2 mean pore diameter μd; source-specific fitted distribution component,source-dependent distribution fitted by Park & Santamarina,source-dependent; retain S2 component and cited source reference,,,"Park & Santamarina 2020 Supplementary Table S2, group 9, Ref. 23",,One row per named fitted component. Bimodal components share a parent group; neither components nor parameters are individual pores.
LITM-0174,park_santamarina_benchmark,LIT-001,Park & Santamarina (2020),sandstone,intact rock,Park & Santamarina S2 source-specific group,source-specific; not mapped here,PARK-S2-SAN-INT-09,PARK-S2-SAN-INT-09,No.7,one named S2 dataset/group; underlying specimen count source-specific,pore_size,fitted pore-scale distribution,fitted distribution standard deviation,0.100,,,,,um,Park & Santamarina Table S2 mean pore diameter μd; source-specific fitted distribution component,source-dependent distribution fitted by Park & Santamarina,source-dependent; retain S2 component and cited source reference,,,"Park & Santamarina 2020 Supplementary Table S2, group 9, Ref. 23",,One row per named fitted component. Bimodal components share a parent group; neither components nor parameters are individual pores.
LITM-0175,park_santamarina_benchmark,LIT-001,Park & Santamarina (2020),sandstone,intact rock,Park & Santamarina S2 source-specific group,source-specific; not mapped here,PARK-S2-SAN-INT-10,PARK-S2-SAN-INT-10,No.8,one named S2 dataset/group; underlying specimen count source-specific,pore_size,fitted pore-scale distribution,fitted distribution mean,0.019,,,,,um,Park & Santamarina Table S2 mean pore diameter μd; source-specific fitted distribution component,source-dependent distribution fitted by Park & Santamarina,source-dependent; retain S2 component and cited source reference,,,"Park & Santamarina 2020 Supplementary Table S2, group 10, Ref. 23",,One row per named fitted component. Bimodal components share a parent group; neither components nor parameters are individual pores.
LITM-0176,park_santamarina_benchmark,LIT-001,Park & Santamarina (2020),sandstone,intact rock,Park & Santamarina S2 source-specific group,source-specific; not mapped here,PARK-S2-SAN-INT-10,PARK-S2-SAN-INT-10,No.8,one named S2 dataset/group; underlying specimen count source-specific,pore_size,fitted pore-scale distribution,fitted distribution standard deviation,0.008,,,,,um,Park & Santamarina Table S2 mean pore diameter μd; source-specific fitted distribution component,source-dependent distribution fitted by Park & Santamarina,source-dependent; retain S2 component and cited source reference,,,"Park & Santamarina 2020 Supplementary Table S2, group 10, Ref. 23",,One row per named fitted component. Bimodal components share a parent group; neither components nor parameters are individual pores.
LITM-0177,park_santamarina_benchmark,LIT-001,Park & Santamarina (2020),sandstone,intact rock,Park & Santamarina S2 source-specific group,source-specific; not mapped here,PARK-S2-SAN-INT-11,PARK-S2-SAN-INT-11,No.9,one named S2 dataset/group; underlying specimen count source-specific,pore_size,fitted pore-scale distribution,fitted distribution mean,0.252,,,,,um,Park & Santamarina Table S2 mean pore diameter μd; source-specific fitted distribution component,source-dependent distribution fitted by Park & Santamarina,source-dependent; retain S2 component and cited source reference,,,"Park & Santamarina 2020 Supplementary Table S2, group 11, Ref. 23",,One row per named fitted component. Bimodal components share a parent group; neither components nor parameters are individual pores.
LITM-0178,park_santamarina_benchmark,LIT-001,Park & Santamarina (2020),sandstone,intact rock,Park & Santamarina S2 source-specific group,source-specific; not mapped here,PARK-S2-SAN-INT-11,PARK-S2-SAN-INT-11,No.9,one named S2 dataset/group; underlying specimen count source-specific,pore_size,fitted pore-scale distribution,fitted distribution standard deviation,0.099,,,,,um,Park & Santamarina Table S2 mean pore diameter μd; source-specific fitted distribution component,source-dependent distribution fitted by Park & Santamarina,source-dependent; retain S2 component and cited source reference,,,"Park & Santamarina 2020 Supplementary Table S2, group 11, Ref. 23",,One row per named fitted component. Bimodal components share a parent group; neither components nor parameters are individual pores.
LITM-0179,park_santamarina_benchmark,LIT-001,Park & Santamarina (2020),sandstone,intact rock,Park & Santamarina S2 source-specific group,source-specific; not mapped here,PARK-S2-SAN-INT-12,PARK-S2-SAN-INT-12,No.10,one named S2 dataset/group; underlying specimen count source-specific,pore_size,fitted pore-scale distribution,fitted distribution mean,0.028,,,,,um,Park & Santamarina Table S2 mean pore diameter μd; source-specific fitted distribution component,source-dependent distribution fitted by Park & Santamarina,source-dependent; retain S2 component and cited source reference,,,"Park & Santamarina 2020 Supplementary Table S2, group 12, Ref. 23",,One row per named fitted component. Bimodal components share a parent group; neither components nor parameters are individual pores.
LITM-0180,park_santamarina_benchmark,LIT-001,Park & Santamarina (2020),sandstone,intact rock,Park & Santamarina S2 source-specific group,source-specific; not mapped here,PARK-S2-SAN-INT-12,PARK-S2-SAN-INT-12,No.10,one named S2 dataset/group; underlying specimen count source-specific,pore_size,fitted pore-scale distribution,fitted distribution standard deviation,0.008,,,,,um,Park & Santamarina Table S2 mean pore diameter μd; source-specific fitted distribution component,source-dependent distribution fitted by Park & Santamarina,source-dependent; retain S2 component and cited source reference,,,"Park & Santamarina 2020 Supplementary Table S2, group 12, Ref. 23",,One row per named fitted component. Bimodal components share a parent group; neither components nor parameters are individual pores.
LITM-0181,park_santamarina_benchmark,LIT-001,Park & Santamarina (2020),sandstone,intact rock,Park & Santamarina S2 source-specific group,source-specific; not mapped here,PARK-S2-SAN-INT-13,PARK-S2-SAN-INT-13,No.11,one named S2 dataset/group; underlying specimen count source-specific,pore_size,fitted pore-scale distribution,fitted distribution mean,0.312,,,,,um,Park & Santamarina Table S2 mean pore diameter μd; source-specific fitted distribution component,source-dependent distribution fitted by Park & Santamarina,source-dependent; retain S2 component and cited source reference,,,"Park & Santamarina 2020 Supplementary Table S2, group 13, Ref. 23",,One row per named fitted component. Bimodal components share a parent group; neither components nor parameters are individual pores.
LITM-0182,park_santamarina_benchmark,LIT-001,Park & Santamarina (2020),sandstone,intact rock,Park & Santamarina S2 source-specific group,source-specific; not mapped here,PARK-S2-SAN-INT-13,PARK-S2-SAN-INT-13,No.11,one named S2 dataset/group; underlying specimen count source-specific,pore_size,fitted pore-scale distribution,fitted distribution standard deviation,0.085,,,,,um,Park & Santamarina Table S2 mean pore diameter μd; source-specific fitted distribution component,source-dependent distribution fitted by Park & Santamarina,source-dependent; retain S2 component and cited source reference,,,"Park & Santamarina 2020 Supplementary Table S2, group 13, Ref. 23",,One row per named fitted component. Bimodal components share a parent group; neither components nor parameters are individual pores.
LITM-0183,park_santamarina_benchmark,LIT-001,Park & Santamarina (2020),sandstone,intact rock,Park & Santamarina S2 source-specific group,source-specific; not mapped here,PARK-S2-SAN-INT-14,PARK-S2-SAN-INT-14,No.12 (1),one named S2 dataset/group; underlying specimen count source-specific,pore_size,fitted pore-scale distribution,fitted distribution mean,1.523,,,,,um,Park & Santamarina Table S2 mean pore diameter μd; source-specific fitted distribution component,source-dependent distribution fitted by Park & Santamarina,source-dependent; retain S2 component and cited source reference,,,"Park & Santamarina 2020 Supplementary Table S2, group 14, Ref. 23",,One row per named fitted component. Bimodal components share a parent group; neither components nor parameters are individual pores.
LITM-0184,park_santamarina_benchmark,LIT-001,Park & Santamarina (2020),sandstone,intact rock,Park & Santamarina S2 source-specific group,source-specific; not mapped here,PARK-S2-SAN-INT-14,PARK-S2-SAN-INT-14,No.12 (1),one named S2 dataset/group; underlying specimen count source-specific,pore_size,fitted pore-scale distribution,fitted distribution standard deviation,0.387,,,,,um,Park & Santamarina Table S2 mean pore diameter μd; source-specific fitted distribution component,source-dependent distribution fitted by Park & Santamarina,source-dependent; retain S2 component and cited source reference,,,"Park & Santamarina 2020 Supplementary Table S2, group 14, Ref. 23",,One row per named fitted component. Bimodal components share a parent group; neither components nor parameters are individual pores.
LITM-0185,park_santamarina_benchmark,LIT-001,Park & Santamarina (2020),sandstone,intact rock,Park & Santamarina S2 source-specific group,source-specific; not mapped here,PARK-S2-SAN-INT-14,PARK-S2-SAN-INT-14,No.12 (2),one named S2 dataset/group; underlying specimen count source-specific,pore_size,fitted pore-scale distribution,fitted distribution mean,3.648,,,,,um,Park & Santamarina Table S2 mean pore diameter μd; source-specific fitted distribution component,source-dependent distribution fitted by Park & Santamarina,source-dependent; retain S2 component and cited source reference,,,"Park & Santamarina 2020 Supplementary Table S2, group 14, Ref. 23",,One row per named fitted component. Bimodal components share a parent group; neither components nor parameters are individual pores.
LITM-0186,park_santamarina_benchmark,LIT-001,Park & Santamarina (2020),sandstone,intact rock,Park & Santamarina S2 source-specific group,source-specific; not mapped here,PARK-S2-SAN-INT-14,PARK-S2-SAN-INT-14,No.12 (2),one named S2 dataset/group; underlying specimen count source-specific,pore_size,fitted pore-scale distribution,fitted distribution standard deviation,0.812,,,,,um,Park & Santamarina Table S2 mean pore diameter μd; source-specific fitted distribution component,source-dependent distribution fitted by Park & Santamarina,source-dependent; retain S2 component and cited source reference,,,"Park & Santamarina 2020 Supplementary Table S2, group 14, Ref. 23",,One row per named fitted component. Bimodal components share a parent group; neither components nor parameters are individual pores.
LITM-0187,park_santamarina_benchmark,LIT-001,Park & Santamarina (2020),sandstone,intact rock,Park & Santamarina S2 source-specific group,source-specific; not mapped here,PARK-S2-SAN-INT-15,PARK-S2-SAN-INT-15,No.13 (1),one named S2 dataset/group; underlying specimen count source-specific,pore_size,fitted pore-scale distribution,fitted distribution mean,0.257,,,,,um,Park & Santamarina Table S2 mean pore diameter μd; source-specific fitted distribution component,source-dependent distribution fitted by Park & Santamarina,source-dependent; retain S2 component and cited source reference,,,"Park & Santamarina 2020 Supplementary Table S2, group 15, Ref. 23",,One row per named fitted component. Bimodal components share a parent group; neither components nor parameters are individual pores.
LITM-0188,park_santamarina_benchmark,LIT-001,Park & Santamarina (2020),sandstone,intact rock,Park & Santamarina S2 source-specific group,source-specific; not mapped here,PARK-S2-SAN-INT-15,PARK-S2-SAN-INT-15,No.13 (1),one named S2 dataset/group; underlying specimen count source-specific,pore_size,fitted pore-scale distribution,fitted distribution standard deviation,0.079,,,,,um,Park & Santamarina Table S2 mean pore diameter μd; source-specific fitted distribution component,source-dependent distribution fitted by Park & Santamarina,source-dependent; retain S2 component and cited source reference,,,"Park & Santamarina 2020 Supplementary Table S2, group 15, Ref. 23",,One row per named fitted component. Bimodal components share a parent group; neither components nor parameters are individual pores.
LITM-0189,park_santamarina_benchmark,LIT-001,Park & Santamarina (2020),sandstone,intact rock,Park & Santamarina S2 source-specific group,source-specific; not mapped here,PARK-S2-SAN-INT-15,PARK-S2-SAN-INT-15,No.13 (2),one named S2 dataset/group; underlying specimen count source-specific,pore_size,fitted pore-scale distribution,fitted distribution mean,0.083,,,,,um,Park & Santamarina Table S2 mean pore diameter μd; source-specific fitted distribution component,source-dependent distribution fitted by Park & Santamarina,source-dependent; retain S2 component and cited source reference,,,"Park & Santamarina 2020 Supplementary Table S2, group 15, Ref. 23",,One row per named fitted component. Bimodal components share a parent group; neither components nor parameters are individual pores.
LITM-0190,park_santamarina_benchmark,LIT-001,Park & Santamarina (2020),sandstone,intact rock,Park & Santamarina S2 source-specific group,source-specific; not mapped here,PARK-S2-SAN-INT-15,PARK-S2-SAN-INT-15,No.13 (2),one named S2 dataset/group; underlying specimen count source-specific,pore_size,fitted pore-scale distribution,fitted distribution standard deviation,0.015,,,,,um,Park & Santamarina Table S2 mean pore diameter μd; source-specific fitted distribution component,source-dependent distribution fitted by Park & Santamarina,source-dependent; retain S2 component and cited source reference,,,"Park & Santamarina 2020 Supplementary Table S2, group 15, Ref. 23",,One row per named fitted component. Bimodal components share a parent group; neither components nor parameters are individual pores.
LITM-0191,park_santamarina_benchmark,LIT-001,Park & Santamarina (2020),sandstone,intact rock,Park & Santamarina S2 source-specific group,source-specific; not mapped here,PARK-S2-SAN-INT-16,PARK-S2-SAN-INT-16,No.14 (1),one named S2 dataset/group; underlying specimen count source-specific,pore_size,fitted pore-scale distribution,fitted distribution mean,0.309,,,,,um,Park & Santamarina Table S2 mean pore diameter μd; source-specific fitted distribution component,source-dependent distribution fitted by Park & Santamarina,source-dependent; retain S2 component and cited source reference,,,"Park & Santamarina 2020 Supplementary Table S2, group 16, Ref. 23",,One row per named fitted component. Bimodal components share a parent group; neither components nor parameters are individual pores.
LITM-0192,park_santamarina_benchmark,LIT-001,Park & Santamarina (2020),sandstone,intact rock,Park & Santamarina S2 source-specific group,source-specific; not mapped here,PARK-S2-SAN-INT-16,PARK-S2-SAN-INT-16,No.14 (1),one named S2 dataset/group; underlying specimen count source-specific,pore_size,fitted pore-scale distribution,fitted distribution standard deviation,0.072,,,,,um,Park & Santamarina Table S2 mean pore diameter μd; source-specific fitted distribution component,source-dependent distribution fitted by Park & Santamarina,source-dependent; retain S2 component and cited source reference,,,"Park & Santamarina 2020 Supplementary Table S2, group 16, Ref. 23",,One row per named fitted component. Bimodal components share a parent group; neither components nor parameters are individual pores.
LITM-0193,park_santamarina_benchmark,LIT-001,Park & Santamarina (2020),sandstone,intact rock,Park & Santamarina S2 source-specific group,source-specific; not mapped here,PARK-S2-SAN-INT-16,PARK-S2-SAN-INT-16,No.14 (2),one named S2 dataset/group; underlying specimen count source-specific,pore_size,fitted pore-scale distribution,fitted distribution mean,0.079,,,,,um,Park & Santamarina Table S2 mean pore diameter μd; source-specific fitted distribution component,source-dependent distribution fitted by Park & Santamarina,source-dependent; retain S2 component and cited source reference,,,"Park & Santamarina 2020 Supplementary Table S2, group 16, Ref. 23",,One row per named fitted component. Bimodal components share a parent group; neither components nor parameters are individual pores.
LITM-0194,park_santamarina_benchmark,LIT-001,Park & Santamarina (2020),sandstone,intact rock,Park & Santamarina S2 source-specific group,source-specific; not mapped here,PARK-S2-SAN-INT-16,PARK-S2-SAN-INT-16,No.14 (2),one named S2 dataset/group; underlying specimen count source-specific,pore_size,fitted pore-scale distribution,fitted distribution standard deviation,0.016,,,,,um,Park & Santamarina Table S2 mean pore diameter μd; source-specific fitted distribution component,source-dependent distribution fitted by Park & Santamarina,source-dependent; retain S2 component and cited source reference,,,"Park & Santamarina 2020 Supplementary Table S2, group 16, Ref. 23",,One row per named fitted component. Bimodal components share a parent group; neither components nor parameters are individual pores.
LITM-0195,park_santamarina_benchmark,LIT-001,Park & Santamarina (2020),sandstone,intact rock,Park & Santamarina S2 source-specific group,source-specific; not mapped here,PARK-S2-SAN-INT-17,PARK-S2-SAN-INT-17,No.15 (1),one named S2 dataset/group; underlying specimen count source-specific,pore_size,fitted pore-scale distribution,fitted distribution mean,0.401,,,,,um,Park & Santamarina Table S2 mean pore diameter μd; source-specific fitted distribution component,source-dependent distribution fitted by Park & Santamarina,source-dependent; retain S2 component and cited source reference,,,"Park & Santamarina 2020 Supplementary Table S2, group 17, Ref. 23",,One row per named fitted component. Bimodal components share a parent group; neither components nor parameters are individual pores.
LITM-0196,park_santamarina_benchmark,LIT-001,Park & Santamarina (2020),sandstone,intact rock,Park & Santamarina S2 source-specific group,source-specific; not mapped here,PARK-S2-SAN-INT-17,PARK-S2-SAN-INT-17,No.15 (1),one named S2 dataset/group; underlying specimen count source-specific,pore_size,fitted pore-scale distribution,fitted distribution standard deviation,0.176,,,,,um,Park & Santamarina Table S2 mean pore diameter μd; source-specific fitted distribution component,source-dependent distribution fitted by Park & Santamarina,source-dependent; retain S2 component and cited source reference,,,"Park & Santamarina 2020 Supplementary Table S2, group 17, Ref. 23",,One row per named fitted component. Bimodal components share a parent group; neither components nor parameters are individual pores.
LITM-0197,park_santamarina_benchmark,LIT-001,Park & Santamarina (2020),sandstone,intact rock,Park & Santamarina S2 source-specific group,source-specific; not mapped here,PARK-S2-SAN-INT-17,PARK-S2-SAN-INT-17,No.15 (2),one named S2 dataset/group; underlying specimen count source-specific,pore_size,fitted pore-scale distribution,fitted distribution mean,0.083,,,,,um,Park & Santamarina Table S2 mean pore diameter μd; source-specific fitted distribution component,source-dependent distribution fitted by Park & Santamarina,source-dependent; retain S2 component and cited source reference,,,"Park & Santamarina 2020 Supplementary Table S2, group 17, Ref. 23",,One row per named fitted component. Bimodal components share a parent group; neither components nor parameters are individual pores.
LITM-0198,park_santamarina_benchmark,LIT-001,Park & Santamarina (2020),sandstone,intact rock,Park & Santamarina S2 source-specific group,source-specific; not mapped here,PARK-S2-SAN-INT-17,PARK-S2-SAN-INT-17,No.15 (2),one named S2 dataset/group; underlying specimen count source-specific,pore_size,fitted pore-scale distribution,fitted distribution standard deviation,0.016,,,,,um,Park & Santamarina Table S2 mean pore diameter μd; source-specific fitted distribution component,source-dependent distribution fitted by Park & Santamarina,source-dependent; retain S2 component and cited source reference,,,"Park & Santamarina 2020 Supplementary Table S2, group 17, Ref. 23",,One row per named fitted component. Bimodal components share a parent group; neither components nor parameters are individual pores.
LITM-0199,park_santamarina_benchmark,LIT-001,Park & Santamarina (2020),mudstone/shale,intact rock,Park & Santamarina S2 source-specific group,source-specific; not mapped here,PARK-S2-MUD-INT-01,PARK-S2-MUD-INT-01,North Sea shale (1),one named S2 dataset/group; underlying specimen count source-specific,pore_size,fitted pore-scale distribution,fitted distribution mean,0.042,,,,,um,Park & Santamarina Table S2 mean pore diameter μd; source-specific fitted distribution component,source-dependent distribution fitted by Park & Santamarina,source-dependent; retain S2 component and cited source reference,,,"Park & Santamarina 2020 Supplementary Table S2, group 1, Ref. 24",,One row per named fitted component. Bimodal components share a parent group; neither components nor parameters are individual pores.
LITM-0200,park_santamarina_benchmark,LIT-001,Park & Santamarina (2020),mudstone/shale,intact rock,Park & Santamarina S2 source-specific group,source-specific; not mapped here,PARK-S2-MUD-INT-01,PARK-S2-MUD-INT-01,North Sea shale (1),one named S2 dataset/group; underlying specimen count source-specific,pore_size,fitted pore-scale distribution,fitted distribution standard deviation,0.007,,,,,um,Park & Santamarina Table S2 mean pore diameter μd; source-specific fitted distribution component,source-dependent distribution fitted by Park & Santamarina,source-dependent; retain S2 component and cited source reference,,,"Park & Santamarina 2020 Supplementary Table S2, group 1, Ref. 24",,One row per named fitted component. Bimodal components share a parent group; neither components nor parameters are individual pores.
LITM-0201,park_santamarina_benchmark,LIT-001,Park & Santamarina (2020),mudstone/shale,intact rock,Park & Santamarina S2 source-specific group,source-specific; not mapped here,PARK-S2-MUD-INT-01,PARK-S2-MUD-INT-01,North Sea shale (2),one named S2 dataset/group; underlying specimen count source-specific,pore_size,fitted pore-scale distribution,fitted distribution mean,0.013,,,,,um,Park & Santamarina Table S2 mean pore diameter μd; source-specific fitted distribution component,source-dependent distribution fitted by Park & Santamarina,source-dependent; retain S2 component and cited source reference,,,"Park & Santamarina 2020 Supplementary Table S2, group 1, Ref. 24",,One row per named fitted component. Bimodal components share a parent group; neither components nor parameters are individual pores.
LITM-0202,park_santamarina_benchmark,LIT-001,Park & Santamarina (2020),mudstone/shale,intact rock,Park & Santamarina S2 source-specific group,source-specific; not mapped here,PARK-S2-MUD-INT-01,PARK-S2-MUD-INT-01,North Sea shale (2),one named S2 dataset/group; underlying specimen count source-specific,pore_size,fitted pore-scale distribution,fitted distribution standard deviation,0.003,,,,,um,Park & Santamarina Table S2 mean pore diameter μd; source-specific fitted distribution component,source-dependent distribution fitted by Park & Santamarina,source-dependent; retain S2 component and cited source reference,,,"Park & Santamarina 2020 Supplementary Table S2, group 1, Ref. 24",,One row per named fitted component. Bimodal components share a parent group; neither components nor parameters are individual pores.
LITM-0203,park_santamarina_benchmark,LIT-001,Park & Santamarina (2020),mudstone/shale,intact rock,Park & Santamarina S2 source-specific group,source-specific; not mapped here,PARK-S2-MUD-INT-02,PARK-S2-MUD-INT-02,Mancos B (1),one named S2 dataset/group; underlying specimen count source-specific,pore_size,fitted pore-scale distribution,fitted distribution mean,0.046,,,,,um,Park & Santamarina Table S2 mean pore diameter μd; source-specific fitted distribution component,source-dependent distribution fitted by Park & Santamarina,source-dependent; retain S2 component and cited source reference,,,"Park & Santamarina 2020 Supplementary Table S2, group 2, Ref. 24",,One row per named fitted component. Bimodal components share a parent group; neither components nor parameters are individual pores.
LITM-0204,park_santamarina_benchmark,LIT-001,Park & Santamarina (2020),mudstone/shale,intact rock,Park & Santamarina S2 source-specific group,source-specific; not mapped here,PARK-S2-MUD-INT-02,PARK-S2-MUD-INT-02,Mancos B (1),one named S2 dataset/group; underlying specimen count source-specific,pore_size,fitted pore-scale distribution,fitted distribution standard deviation,0.030,,,,,um,Park & Santamarina Table S2 mean pore diameter μd; source-specific fitted distribution component,source-dependent distribution fitted by Park & Santamarina,source-dependent; retain S2 component and cited source reference,,,"Park & Santamarina 2020 Supplementary Table S2, group 2, Ref. 24",,One row per named fitted component. Bimodal components share a parent group; neither components nor parameters are individual pores.
LITM-0205,park_santamarina_benchmark,LIT-001,Park & Santamarina (2020),mudstone/shale,intact rock,Park & Santamarina S2 source-specific group,source-specific; not mapped here,PARK-S2-MUD-INT-02,PARK-S2-MUD-INT-02,Mancos B (2),one named S2 dataset/group; underlying specimen count source-specific,pore_size,fitted pore-scale distribution,fitted distribution mean,0.112,,,,,um,Park & Santamarina Table S2 mean pore diameter μd; source-specific fitted distribution component,source-dependent distribution fitted by Park & Santamarina,source-dependent; retain S2 component and cited source reference,,,"Park & Santamarina 2020 Supplementary Table S2, group 2, Ref. 24",,One row per named fitted component. Bimodal components share a parent group; neither components nor parameters are individual pores.
LITM-0206,park_santamarina_benchmark,LIT-001,Park & Santamarina (2020),mudstone/shale,intact rock,Park & Santamarina S2 source-specific group,source-specific; not mapped here,PARK-S2-MUD-INT-02,PARK-S2-MUD-INT-02,Mancos B (2),one named S2 dataset/group; underlying specimen count source-specific,pore_size,fitted pore-scale distribution,fitted distribution standard deviation,0.034,,,,,um,Park & Santamarina Table S2 mean pore diameter μd; source-specific fitted distribution component,source-dependent distribution fitted by Park & Santamarina,source-dependent; retain S2 component and cited source reference,,,"Park & Santamarina 2020 Supplementary Table S2, group 2, Ref. 24",,One row per named fitted component. Bimodal components share a parent group; neither components nor parameters are individual pores.
LITM-0207,park_santamarina_benchmark,LIT-001,Park & Santamarina (2020),mudstone/shale,intact rock,Park & Santamarina S2 source-specific group,source-specific; not mapped here,PARK-S2-MUD-INT-03,PARK-S2-MUD-INT-03,Middle Bakken (1),one named S2 dataset/group; underlying specimen count source-specific,pore_size,fitted pore-scale distribution,fitted distribution mean,0.029,,,,,um,Park & Santamarina Table S2 mean pore diameter μd; source-specific fitted distribution component,source-dependent distribution fitted by Park & Santamarina,source-dependent; retain S2 component and cited source reference,,,"Park & Santamarina 2020 Supplementary Table S2, group 3, Ref. 24",,One row per named fitted component. Bimodal components share a parent group; neither components nor parameters are individual pores.
LITM-0208,park_santamarina_benchmark,LIT-001,Park & Santamarina (2020),mudstone/shale,intact rock,Park & Santamarina S2 source-specific group,source-specific; not mapped here,PARK-S2-MUD-INT-03,PARK-S2-MUD-INT-03,Middle Bakken (1),one named S2 dataset/group; underlying specimen count source-specific,pore_size,fitted pore-scale distribution,fitted distribution standard deviation,0.019,,,,,um,Park & Santamarina Table S2 mean pore diameter μd; source-specific fitted distribution component,source-dependent distribution fitted by Park & Santamarina,source-dependent; retain S2 component and cited source reference,,,"Park & Santamarina 2020 Supplementary Table S2, group 3, Ref. 24",,One row per named fitted component. Bimodal components share a parent group; neither components nor parameters are individual pores.
LITM-0209,park_santamarina_benchmark,LIT-001,Park & Santamarina (2020),mudstone/shale,intact rock,Park & Santamarina S2 source-specific group,source-specific; not mapped here,PARK-S2-MUD-INT-03,PARK-S2-MUD-INT-03,Middle Bakken (2),one named S2 dataset/group; underlying specimen count source-specific,pore_size,fitted pore-scale distribution,fitted distribution mean,0.112,,,,,um,Park & Santamarina Table S2 mean pore diameter μd; source-specific fitted distribution component,source-dependent distribution fitted by Park & Santamarina,source-dependent; retain S2 component and cited source reference,,,"Park & Santamarina 2020 Supplementary Table S2, group 3, Ref. 24",,One row per named fitted component. Bimodal components share a parent group; neither components nor parameters are individual pores.
LITM-0210,park_santamarina_benchmark,LIT-001,Park & Santamarina (2020),mudstone/shale,intact rock,Park & Santamarina S2 source-specific group,source-specific; not mapped here,PARK-S2-MUD-INT-03,PARK-S2-MUD-INT-03,Middle Bakken (2),one named S2 dataset/group; underlying specimen count source-specific,pore_size,fitted pore-scale distribution,fitted distribution standard deviation,0.034,,,,,um,Park & Santamarina Table S2 mean pore diameter μd; source-specific fitted distribution component,source-dependent distribution fitted by Park & Santamarina,source-dependent; retain S2 component and cited source reference,,,"Park & Santamarina 2020 Supplementary Table S2, group 3, Ref. 24",,One row per named fitted component. Bimodal components share a parent group; neither components nor parameters are individual pores.
LITM-0211,park_santamarina_benchmark,LIT-001,Park & Santamarina (2020),mudstone/shale,intact rock,Park & Santamarina S2 source-specific group,source-specific; not mapped here,PARK-S2-MUD-INT-04,PARK-S2-MUD-INT-04,Woodford shale (1),one named S2 dataset/group; underlying specimen count source-specific,pore_size,fitted pore-scale distribution,fitted distribution mean,0.004,,,,,um,Park & Santamarina Table S2 mean pore diameter μd; source-specific fitted distribution component,source-dependent distribution fitted by Park & Santamarina,source-dependent; retain S2 component and cited source reference,,,"Park & Santamarina 2020 Supplementary Table S2, group 4, Ref. 24",,One row per named fitted component. Bimodal components share a parent group; neither components nor parameters are individual pores.
LITM-0212,park_santamarina_benchmark,LIT-001,Park & Santamarina (2020),mudstone/shale,intact rock,Park & Santamarina S2 source-specific group,source-specific; not mapped here,PARK-S2-MUD-INT-04,PARK-S2-MUD-INT-04,Woodford shale (1),one named S2 dataset/group; underlying specimen count source-specific,pore_size,fitted pore-scale distribution,fitted distribution standard deviation,0.001,,,,,um,Park & Santamarina Table S2 mean pore diameter μd; source-specific fitted distribution component,source-dependent distribution fitted by Park & Santamarina,source-dependent; retain S2 component and cited source reference,,,"Park & Santamarina 2020 Supplementary Table S2, group 4, Ref. 24",,One row per named fitted component. Bimodal components share a parent group; neither components nor parameters are individual pores.
LITM-0213,park_santamarina_benchmark,LIT-001,Park & Santamarina (2020),mudstone/shale,intact rock,Park & Santamarina S2 source-specific group,source-specific; not mapped here,PARK-S2-MUD-INT-04,PARK-S2-MUD-INT-04,Woodford shale (2),one named S2 dataset/group; underlying specimen count source-specific,pore_size,fitted pore-scale distribution,fitted distribution mean,0.026,,,,,um,Park & Santamarina Table S2 mean pore diameter μd; source-specific fitted distribution component,source-dependent distribution fitted by Park & Santamarina,source-dependent; retain S2 component and cited source reference,,,"Park & Santamarina 2020 Supplementary Table S2, group 4, Ref. 24",,One row per named fitted component. Bimodal components share a parent group; neither components nor parameters are individual pores.
LITM-0214,park_santamarina_benchmark,LIT-001,Park & Santamarina (2020),mudstone/shale,intact rock,Park & Santamarina S2 source-specific group,source-specific; not mapped here,PARK-S2-MUD-INT-04,PARK-S2-MUD-INT-04,Woodford shale (2),one named S2 dataset/group; underlying specimen count source-specific,pore_size,fitted pore-scale distribution,fitted distribution standard deviation,0.011,,,,,um,Park & Santamarina Table S2 mean pore diameter μd; source-specific fitted distribution component,source-dependent distribution fitted by Park & Santamarina,source-dependent; retain S2 component and cited source reference,,,"Park & Santamarina 2020 Supplementary Table S2, group 4, Ref. 24",,One row per named fitted component. Bimodal components share a parent group; neither components nor parameters are individual pores.
LITM-0215,selected_literature_outside_detailed_m3,LIT-003,Ferrick et al. (2021),unconsolidated sand/sediment,"natural, undisturbed","unnamed beach, Alameda County, California",exact,OBS-005,,,3,total_porosity,grain-contact network,source-reported range/context,,37.1,40.3,,,percent,source-reported total/open/bulk porosity; source text preserved,synchrotron micro-CT,grain count,6.45 um voxel,"1, 6 and 11 cm below beach surface",Methods sample collection; Table 1,37.1-40.3,Mean grain coordination 7.71-8.31; three depths at one beach.
LITM-0216,selected_literature_outside_detailed_m3,LIT-003,Ferrick et al. (2021),unconsolidated sand/sediment,laboratory pluviated,laboratory reconstruction of Alameda sand,laboratory,OBS-006,,,1,total_porosity,grain-contact network,source-reported scalar,38.5,,,,,percent,source-reported total/open/bulk porosity; source text preserved,synchrotron micro-CT,grain count,6.45 um voxel,,Table 1,38.5,Mean grain coordination 7.45; kept separate from the natural cores.
LITM-0217,selected_literature_outside_detailed_m3,LIT-005,Tanaka et al. (2003),unconsolidated sand/sediment,natural clay,Scotland and Japan source localities,multiple/approximate,OBS-007,,,4,pore_size_or_void_scale,MIP entry-equivalent,reported range,,0.33,1.58,,,um,Park S2 fitted mean diameter from Tanaka et al. MIP distributions,MIP,intrusion/source fit,,,Park & Santamarina Supplementary Table S2 entries 1-4; Tanaka et al. 2003,size_min=0.33; size_max=1.58,Grouped only for compact atlas display; localities remain distinct in the source paper.
LITM-0218,selected_literature_outside_detailed_m3,LIT-008,Cao et al. (2016),sandstone,fresh natural core,"Longdong area, Ordos Basin",regional,OBS-013,,,15,total_porosity,matrix pore body,source-reported range/context,,1.20,13.98,,,percent,source-reported total/open/bulk porosity; source text preserved,SEM + thin section + N2 adsorption,descriptive/method-specific,N2 1.7-300 nm; combined PSD 2-10000 nm,about 1441-2069 m examples,Results pore types; Figs 2 and 7; Supplementary Tables S2-S4,1.20-13.98,
LITM-0219,selected_literature_outside_detailed_m3,LIT-008,Cao et al. (2016),sandstone,fresh natural core,"Longdong area, Ordos Basin",regional,OBS-013,,,15,pore_size_or_void_scale,matrix pore body,reported range,,0.05,100,,,um,direct microscopy ranges: clay intercrystalline through dissolved pores,SEM + thin section + N2 adsorption,descriptive/method-specific,N2 1.7-300 nm; combined PSD 2-10000 nm,about 1441-2069 m examples,Results pore types; Figs 2 and 7; Supplementary Tables S2-S4,size_min=0.05; size_max=100,
LITM-0220,selected_literature_outside_detailed_m3,LIT-008,Cao et al. (2016),sandstone,fresh natural core,"Longdong area, Ordos Basin",regional,OBS-014,,,15,pore_size_or_void_scale,pore throat / entry constriction,reported range with central value,0.127,0.006,0.91,,,um,MICP median pore-throat radius range; central is study average,MICP,mercury intrusion,reported MICP range; high-pressure lower-limit caveat,,Results pore throat structure; Supplementary Table S3,size_min=0.006; size_central=0.127; size_max=0.91,
LITM-0221,selected_literature_outside_detailed_m3,LIT-009,Zhang et al. (2024),sandstone,natural reservoir core,southeast Ordos Basin,regional,OBS-015,,,45,total_porosity,pore throat / entry constriction,source-reported range/context,,0.5,10.5,,,percent,source-reported total/open/bulk porosity; source text preserved,MICP + microscopy,mercury intrusion,,,porosity results; Table 1 and Figure 5,0.5-10.5,Sixteen representative MICP specimens within a 45-sample petrophysical suite.
LITM-0222,selected_literature_outside_detailed_m3,LIT-009,Zhang et al. (2024),sandstone,natural reservoir core,southeast Ordos Basin,regional,OBS-015,,,45,pore_size_or_void_scale,pore throat / entry constriction,reported central value,0.1,,,,,um,example type-I median MICP throat radius; maximum-throat mean 0.89 um,MICP + microscopy,mercury intrusion,,,porosity results; Table 1 and Figure 5,size_central=0.1,Sixteen representative MICP specimens within a 45-sample petrophysical suite.
LITM-0223,selected_literature_outside_detailed_m3,LIT-013,Kuila & Prasad (2013),mudstone/shale,natural rocks and compacted clay analogues,North American shale settings,regional/multiple,OBS-019,,,not stated in abstract,pore_size_or_void_scale,matrix pore,reported central value,0.003,,,,,um,characteristic gas-adsorption pore diameter in illite-smectite,N2 adsorption + MIP,adsorbed-volume/surface model,N2 <200 nm; MIP misses/perturbs finest shale pores,,abstract and method discussion,size_central=0.003,"Review-supported scale, not a single lithology-wide mode."
LITM-0224,selected_literature_outside_detailed_m3,LIT-015,Moshier (1989),carbonate,"natural, diagenetic matrix",multiple Phanerozoic settings,multiple/unknown,OBS-023,,,review,total_porosity,matrix intercrystalline pore,source-reported scalar,20,,,,,percent,source-reported total/open/bulk porosity; source text preserved,SEM/petrography review,reviewed microscopy observations,,,abstract/review synthesis,>20 reported in some microporous limestones,
LITM-0225,selected_literature_outside_detailed_m3,LIT-015,Moshier (1989),carbonate,"natural, diagenetic matrix",multiple Phanerozoic settings,multiple/unknown,OBS-023,,,review,pore_size_or_void_scale,matrix intercrystalline pore,reported range,,5,10,,,um,typical intercrystalline micropore width,SEM/petrography review,reviewed microscopy observations,,,abstract/review synthesis,size_min=5; size_max=10,
LITM-0226,selected_literature_outside_detailed_m3,LIT-015,Moshier (1989),carbonate,secondary microporosity,multiple Phanerozoic settings,multiple/unknown,OBS-024,,,review,pore_size_or_void_scale,microvug / secondary pore,reported central value,,,64,,,um,secondary micropore diameter upper scale,SEM/petrography review,review synthesis,,,abstract/review synthesis,size_max=64,
LITM-0227,selected_literature_outside_detailed_m3,LIT-020,Johnson (1980),basalt/volcanic rock,natural drill core; dense to vesicular,"Kilauea Iki, Hawaii",exact volcanic setting,OBS-028,,,8,total_porosity,vesicle/crack porosity,source-reported range/context,,7.32,40.8,,,percent,source-reported total/open/bulk porosity; source text preserved,helium and water saturation,,,0.99-7.39 m core depths in Table 1,USGS Professional Paper 1123-B Table 1,7.32-40.8 helium-accessible in displayed table,State varies strongly with lava-lake depth and vesicularity.
LITM-0228,selected_literature_outside_detailed_m3,LIT-020,Johnson (1980),basalt/volcanic rock,natural drill core; dense to vesicular,"Kilauea Iki, Hawaii",exact volcanic setting,OBS-028,,,8,effective_connected_porosity,vesicle/crack porosity,source-reported range/context,,4.71,38.9,,,percent,source-reported effective/connected/accessibility porosity; source text preserved,helium and water saturation,,,0.99-7.39 m core depths in Table 1,USGS Professional Paper 1123-B Table 1,4.71-38.9 water-accessible in displayed table,State varies strongly with lava-lake depth and vesicularity.
LITM-0229,selected_literature_outside_detailed_m3,LIT-021,Adelinet et al. (2010),basalt/volcanic rock,fresh natural road outcrop,"Reykjanes Peninsula, Iceland",regional,OBS-029,,,1,total_porosity,crack / microfracture,source-reported scalar,7.93,,,,,percent,source-reported total/open/bulk porosity; source text preserved,MIP,intruded porosity; about 1 percentage point,Autopore IV 9500; entrance radius derived by Washburn law,0-200 MPa hydrostatic experiments after characterization,sample description and Figure 1,7.93,
LITM-0230,selected_literature_outside_detailed_m3,LIT-021,Adelinet et al. (2010),basalt/volcanic rock,fresh natural road outcrop,"Reykjanes Peninsula, Iceland",regional,OBS-029,,,1,pore_size_or_void_scale,crack / microfracture,reported central value,0.1,,,,,um,MIP bimodal peak near 0.1 um; source labels cracks,MIP,intruded porosity; about 1 percentage point,Autopore IV 9500; entrance radius derived by Washburn law,0-200 MPa hydrostatic experiments after characterization,sample description and Figure 1,size_central=0.1,
LITM-0231,selected_literature_outside_detailed_m3,LIT-021,Adelinet et al. (2010),basalt/volcanic rock,fresh natural road outcrop,"Reykjanes Peninsula, Iceland",regional,OBS-030,,,1,total_porosity,equant pore,source-reported scalar,7.93,,,,,percent,source-reported total/open/bulk porosity; source text preserved,MIP + SEM,intruded porosity; about 7 percentage points,,,Figure 1,7.93,
LITM-0232,selected_literature_outside_detailed_m3,LIT-021,Adelinet et al. (2010),basalt/volcanic rock,fresh natural road outcrop,"Reykjanes Peninsula, Iceland",regional,OBS-030,,,1,pore_size_or_void_scale,equant pore,reported central value,100,,,,,um,MIP bimodal peak near 100 um; source labels equant pores,MIP + SEM,intruded porosity; about 7 percentage points,,,Figure 1,size_central=100,
LITM-0233,selected_literature_outside_detailed_m3,LIT-022,Heap et al. (2018),basalt/volcanic rock,natural volcanic rock,"Mt Etna, Sicily",regional,OBS-031,,,1,total_porosity,pore throat / entry constriction,source-reported scalar,4.0,,,,,percent,source-reported total/open/bulk porosity; source text preserved,MIP + pressure-dependent permeability,intruded connected pore volume,,,"sample table, Figure 4b and discussion",4.0,
LITM-0234,selected_literature_outside_detailed_m3,LIT-022,Heap et al. (2018),basalt/volcanic rock,natural volcanic rock,"Mt Etna, Sicily",regional,OBS-031,,,1,effective_connected_porosity,pore throat / entry constriction,source-reported scalar,4.0,,,,,percent,source-reported effective/connected/accessibility porosity; source text preserved,MIP + pressure-dependent permeability,intruded connected pore volume,,,"sample table, Figure 4b and discussion",4.0,
LITM-0235,selected_literature_outside_detailed_m3,LIT-022,Heap et al. (2018),basalt/volcanic rock,natural volcanic rock,"Mt Etna, Sicily",regional,OBS-031,,,1,pore_size_or_void_scale,pore throat / entry constriction,reported central value,0.17,,,,,um,mean MIP pore-throat radius; 65% of porosity is accessed through radii below 0.5 um,MIP + pressure-dependent permeability,intruded connected pore volume,,,"sample table, Figure 4b and discussion",size_central=0.17,
LITM-0236,selected_literature_outside_detailed_m3,LIT-025,Blake et al. (2016),granite/granitoid,untreated versus thermally cracked,"Westerly, Rhode Island",approximate locality,OBS-034,,,one parent material; thermal series,total_porosity,thermal microcrack,source-reported range/context,,3.2,600,,,percent,source-reported total/open/bulk porosity; source text preserved,BSE microscopy + porosity,image fracture metrics,,,paper sample description and fracture table,3.2 after 600 C treatment,"Thermally induced 3.2% porosity is a laboratory-damaged state, not intact granite baseline."
LITM-0237,selected_literature_outside_detailed_m3,LIT-029,"Goldberg, Broglia & Becker (1991)",gabbro/mafic crystalline,fresh through altered/fractured borehole zones,"ODP Hole 735B, Southwest Indian Ridge",exact borehole,OBS-037,,,continuous logs + core checks,total_porosity,fracture network,source-reported range/context,,1.5,3.4,,,percent,source-reported total/open/bulk porosity; source text preserved,neutron/density/televiewer logs + packer tests,depth/log interval,,23-500 mbsf,"Table 2, Figures 3-6",core/log means ~1.5-3.4 by interval,Porosity-log peaks may be fracture porosity unsampled by core; hydrous-mineral correction is essential.
LITM-0238,selected_literature_outside_detailed_m3,LIT-034,Chogani et al. (2023),serpentinite/ultramafic,natural partially serpentinised peridotite/dunite,"ODP Site 1274 MAR and Roragen, Norway",exact core + regional,OBS-042,,,2,pore_size_or_void_scale,grain-boundary / reaction nanoporosity,reported range,,0.001,0.1,,,um,"direct pore diameter; dominant <100 nm, prevalent <10 nm",FIB-SEM nanotomography + TEM,image-object/area/volume depending panel,~3 nm SEM pixels; 0.5 nm TEM and 5 nm FIB-SEM histogram bins,,Methods; Figs 2-5 and 9,size_min=0.001; size_max=0.1,Highly local analysed volumes; the 12% interface is not whole-rock porosity.
LITM-0239,selected_literature_outside_detailed_m3,LIT-035,Kawano et al. (2017),serpentinite/ultramafic,natural accretionary-prism and dredged samples,"Mineoka Belt, Parece Vela, Mariana and Tonga trenches",regional/multiple,OBS-043,,,specimen n in Table 1/S1-S2,total_porosity,bulk pore space / fracture-sensitive transport,source-reported range/context,,10.5,24.7,,,percent,source-reported total/open/bulk porosity; source text preserved,gas-expansion porosity + pressure-dependent permeability,,,5-100 MPa confining pressure,Table 1 and Supplementary Tables S1-S2,10.5-24.7 for dredged specimens,Large bulk porosity does not yield proportionally high permeability; transport porosity is lower.
LITM-0240,selected_literature_outside_detailed_m3,LIT-036,Morrow et al. (2019),serpentinite/ultramafic,natural but special mud-volcano material,three Mariana forearc mud volcanoes,regional/multiple,OBS-044,,,7,total_porosity,bulk pore space / transport,source-reported range/context,,37,51,,,percent,source-reported total/open/bulk porosity; source text preserved,wet-dry/gas porosity + permeability/friction,,,19.6-197.9 mbsf,IODP data report abstract and tables,37-51,Unconsolidated/saponitic serpentinite mud is not intact serpentinite matrix.
LITM-0241,selected_literature_outside_detailed_m3,LIT-037,Yang et al. (2022),metamorphic rock,natural borehole reservoir; weathering/structural microfractures,"LT1/LT2 wells, Songliao Basin",regional,OBS-046,,,8,pore_size_or_void_scale,matrix pore,reported range,,0.002,1,,,um,HPMI/gas-adsorption pore diameter ranges,HPMI + N2 adsorption/DFT,intruded/adsorbed pore volume,DFT <100 nm; HPMI to micron scale,,Tables 4-6; Figs 5-8,size_min=0.002; size_max=1,>60% of schist pore volume <0.1 um; mylonite chiefly 0.05-1 um.
LITM-0242,selected_literature_outside_detailed_m3,LIT-003,Ferrick et al. (2021),unconsolidated sand/sediment,"natural, undisturbed","Alameda County beach, California",exact,EXTRA-LIT-003-01,,,three beach cores,connectivity,grain-contact coordination,range,,7.71,8.31,,,count,mean grain coordination,synchrotron micro-CT,grain count,6.45 um voxel,"1, 6 and 11 cm below surface",Table 1,,Natural cores; coordination is not throat size.
LITM-0243,selected_literature_outside_detailed_m3,LIT-003,Ferrick et al. (2021),unconsolidated sand/sediment,laboratory pluviated,Alameda sand reconstruction,laboratory,EXTRA-LIT-003-02,,,one reconstruction,connectivity,grain-contact coordination,mean,7.45,,,,,count,mean grain coordination,synchrotron micro-CT,grain count,6.45 um voxel,,Table 1,,Laboratory fabric; not mapped as natural setting.
LITM-0244,selected_literature_outside_detailed_m3,LIT-008,Cao et al. (2016),sandstone,fresh natural core,"Longdong, Ordos Basin",regional,EXTRA-LIT-008-03,,,15 cores,pore_throat,pore throat / entry constriction,study mean,0.127,,,,,um,MICP mean pore-throat radius,MICP,mercury intrusion,,about 1441-2069 m examples,Supplementary Table S3,,Separate from reported sample range.
LITM-0245,selected_literature_outside_detailed_m3,LIT-009,Zhang et al. (2024),sandstone,natural reservoir core,southeast Ordos Basin,regional,EXTRA-LIT-009-04,,,45 samples; 16 representative curves,pore_throat,pore throat / entry constriction,mean,0.89,,,,,um,mean maximum throat radius for reported type-I example,MICP + microscopy,mercury intrusion,,,Table 1 and Figure 5,,Not a lithology-wide throat statistic.
LITM-0246,selected_literature_outside_detailed_m3,LIT-011,Shapiro et al. (2017),mudstone/shale,shallow fractured aquifer matrix,"West Trenton, New Jersey",approximate locality,EXTRA-LIT-011-05,,,94 cores,porosity_fraction,largest MIP entry class,reported fraction,0.1,,,,,percent,porosity associated with the largest MIP entry class,MIP,incremental intruded porosity,,seven boreholes to ~35 m,Results,,Not total porosity; fracture porosity was not measured from cores.
LITM-0247,selected_literature_outside_detailed_m3,LIT-021,Adelinet et al. (2010),basalt/volcanic rock,fresh natural road outcrop,"Reykjanes Peninsula, Iceland",regional,EXTRA-LIT-021-06,,,one specimen,porosity_fraction,crack-associated intrusion,reported contribution,1,,,,,percent,approximately one percentage point of open porosity in crack-associated MIP mode,MIP,intruded porosity,,0-200 MPa experiments after characterization,Figure 1,,Separate from equant-pore contribution.
LITM-0248,selected_literature_outside_detailed_m3,LIT-021,Adelinet et al. (2010),basalt/volcanic rock,fresh natural road outcrop,"Reykjanes Peninsula, Iceland",regional,EXTRA-LIT-021-07,,,one specimen,porosity_fraction,equant-pore intrusion,reported contribution,7,,,,,percent,approximately seven percentage points of open porosity in equant-pore MIP mode,MIP + SEM,intruded porosity,,0-200 MPa experiments after characterization,Figure 1,,Separate from crack-associated mode.
LITM-0249,selected_literature_outside_detailed_m3,LIT-022,Heap et al. (2018),basalt/volcanic rock,natural volcanic rock,"Mt Etna, Sicily",regional,EXTRA-LIT-022-08,,,one specimen,porosity_fraction,MIP entry constrictions below threshold,reported fraction,65,,,,,percent,fraction of porosity accessed through throat radii below 0.5 um,MIP + pressure-dependent permeability,intruded connected pore volume,,,Figure 4b and discussion,,"Threshold is radius, not diameter."
LITM-0250,selected_literature_outside_detailed_m3,LIT-022,Heap et al. (2018),basalt/volcanic rock,natural volcanic rock,"Mt Etna, Sicily",regional,EXTRA-LIT-022-09,,,one specimen,pore_throat,pore throat / entry constriction,threshold,0.5,,,,,um,MIP throat radius threshold used for reported 65% porosity fraction,MIP + pressure-dependent permeability,intruded connected pore volume,,,Figure 4b and discussion,,Retained separately from mean throat radius.
LITM-0251,selected_literature_outside_detailed_m3,LIT-034,Chogani et al. (2023),serpentinite/ultramafic,partially serpentinised natural rock,ODP Site 1274 and Roragen,exact core + regional,EXTRA-LIT-034-10,,,two settings,porosity_fraction,FIB-SEM analysed volume,range,,0.2,0.7,,,percent,local FIB-SEM porosity,FIB-SEM nanotomography,image volume,~3 nm SEM pixels,,Figures 2-5,,Local analysed volume; not whole-rock porosity.
LITM-0252,selected_literature_outside_detailed_m3,LIT-034,Chogani et al. (2023),serpentinite/ultramafic,partially serpentinised natural rock,ODP Site 1274 and Roragen,exact core + regional,EXTRA-LIT-034-11,,,two settings,porosity_fraction,TEM analysed foil,range,,1,3,,,percent,local TEM-foil porosity,TEM,image area/foil,0.5 nm TEM,,Figures 2-5,,Local analysed volume; not whole-rock porosity.
LITM-0253,selected_literature_outside_detailed_m3,LIT-034,Chogani et al. (2023),serpentinite/ultramafic,partially serpentinised natural rock,ODP Site 1274 and Roragen,exact core + regional,EXTRA-LIT-034-12,,,two settings,porosity_fraction,brucite-rich interface,mean with uncertainty,12,,,standard deviation,4,percent,local interface porosity,TEM/FIB-SEM,local interface image domain,,,Figure 9,,Not a bulk serpentinite porosity.
LITM-0254,selected_literature_outside_detailed_m3,LIT-037,Yang et al. (2022),metamorphic rock,natural borehole reservoir,"LT1/LT2 wells, Songliao Basin",regional,EXTRA-LIT-037-13,,,schist/mylonite suite,porosity_fraction,chlorite/mica schist,mean,1.46,,,,,percent,reported mean porosity,HPMI + N2 adsorption/DFT,source-reported,,,Tables 4-6,,Separate material from mylonite.
LITM-0255,selected_literature_outside_detailed_m3,LIT-037,Yang et al. (2022),metamorphic rock,natural borehole reservoir,"LT1/LT2 wells, Songliao Basin",regional,EXTRA-LIT-037-14,,,schist/mylonite suite,porosity_fraction,granitic mylonite,mean,1.00,,,,,percent,reported mean porosity,HPMI + N2 adsorption/DFT,source-reported,,,Tables 4-6,,Separate material from schist.
LITM-0256,selected_literature_outside_detailed_m3,LIT-037,Yang et al. (2022),metamorphic rock,natural borehole reservoir,"LT1/LT2 wells, Songliao Basin",regional,EXTRA-LIT-037-15,,,schist/mylonite suite,porosity_fraction,chlorite/mica schist fine-pore contribution,reported fraction,60,,,,,percent,more than 60% of schist pore volume below 0.1 um,HPMI + N2 adsorption/DFT,intruded/adsorbed pore volume,,,Figures 5-8,,Lower-bound statement; retained as reported.
LITM-0257,selected_literature_outside_detailed_m3,LIT-037,Yang et al. (2022),metamorphic rock,natural borehole reservoir,"LT1/LT2 wells, Songliao Basin",regional,EXTRA-LIT-037-16,,,schist/mylonite suite,pore_size,matrix pore,threshold,0.1,,,,,um,threshold for reported schist pore-volume fraction,HPMI + N2 adsorption/DFT,intruded/adsorbed pore volume,,,Figures 5-8,,Diameter domain as reported.
LITM-0258,selected_literature_outside_detailed_m3,LIT-020,Johnson (1980),basalt/volcanic rock,natural Kilauea Iki drill-core basalt; depth/vesicularity variable,"Kilauea Iki drill hole KI-76-1, Hawaii",exact volcanic setting,KILAUEA-KI-76-1-01,,,one Table 1 core specimen,total_porosity,vesicle/crack-accessible bulk porosity,individual table value,40.8,,,,,percent,helium-accessible porosity PHe,helium and water saturation,individual core specimen,,core depth 0.99 m,"Johnson 1980, USGS Professional Paper 1123-B, Table 1",,Accessible porosity; no pore-size distribution is asserted. Helium and water values remain separate.
LITM-0259,selected_literature_outside_detailed_m3,LIT-020,Johnson (1980),basalt/volcanic rock,natural Kilauea Iki drill-core basalt; depth/vesicularity variable,"Kilauea Iki drill hole KI-76-1, Hawaii",exact volcanic setting,KILAUEA-KI-76-1-01,,,one Table 1 core specimen,effective_connected_porosity,vesicle/crack-accessible bulk porosity,individual table value,38.9,,,,,percent,water-accessible porosity PH2O after saturation at about one atmosphere,helium and water saturation,individual core specimen,,core depth 0.99 m,"Johnson 1980, USGS Professional Paper 1123-B, Table 1",,Accessible porosity; no pore-size distribution is asserted. Helium and water values remain separate.
LITM-0260,selected_literature_outside_detailed_m3,LIT-020,Johnson (1980),basalt/volcanic rock,natural Kilauea Iki drill-core basalt; depth/vesicularity variable,"Kilauea Iki drill hole KI-76-1, Hawaii",exact volcanic setting,KILAUEA-KI-76-1-02,,,one Table 1 core specimen,total_porosity,vesicle/crack-accessible bulk porosity,individual table value,26.8,,,,,percent,helium-accessible porosity PHe,helium and water saturation,individual core specimen,,core depth 1.91 m,"Johnson 1980, USGS Professional Paper 1123-B, Table 1",,Accessible porosity; no pore-size distribution is asserted. Helium and water values remain separate.
LITM-0261,selected_literature_outside_detailed_m3,LIT-020,Johnson (1980),basalt/volcanic rock,natural Kilauea Iki drill-core basalt; depth/vesicularity variable,"Kilauea Iki drill hole KI-76-1, Hawaii",exact volcanic setting,KILAUEA-KI-76-1-02,,,one Table 1 core specimen,effective_connected_porosity,vesicle/crack-accessible bulk porosity,individual table value,26.1,,,,,percent,water-accessible porosity PH2O after saturation at about one atmosphere,helium and water saturation,individual core specimen,,core depth 1.91 m,"Johnson 1980, USGS Professional Paper 1123-B, Table 1",,Accessible porosity; no pore-size distribution is asserted. Helium and water values remain separate.
LITM-0262,selected_literature_outside_detailed_m3,LIT-020,Johnson (1980),basalt/volcanic rock,natural Kilauea Iki drill-core basalt; depth/vesicularity variable,"Kilauea Iki drill hole KI-76-1, Hawaii",exact volcanic setting,KILAUEA-KI-76-1-03,,,one Table 1 core specimen,total_porosity,vesicle/crack-accessible bulk porosity,individual table value,24.7,,,,,percent,helium-accessible porosity PHe,helium and water saturation,individual core specimen,,core depth 2.87 m,"Johnson 1980, USGS Professional Paper 1123-B, Table 1",,Accessible porosity; no pore-size distribution is asserted. Helium and water values remain separate.
LITM-0263,selected_literature_outside_detailed_m3,LIT-020,Johnson (1980),basalt/volcanic rock,natural Kilauea Iki drill-core basalt; depth/vesicularity variable,"Kilauea Iki drill hole KI-76-1, Hawaii",exact volcanic setting,KILAUEA-KI-76-1-03,,,one Table 1 core specimen,effective_connected_porosity,vesicle/crack-accessible bulk porosity,individual table value,22.3,,,,,percent,water-accessible porosity PH2O after saturation at about one atmosphere,helium and water saturation,individual core specimen,,core depth 2.87 m,"Johnson 1980, USGS Professional Paper 1123-B, Table 1",,Accessible porosity; no pore-size distribution is asserted. Helium and water values remain separate.
LITM-0264,selected_literature_outside_detailed_m3,LIT-020,Johnson (1980),basalt/volcanic rock,natural Kilauea Iki drill-core basalt; depth/vesicularity variable,"Kilauea Iki drill hole KI-76-1, Hawaii",exact volcanic setting,KILAUEA-KI-76-1-04,,,one Table 1 core specimen,total_porosity,vesicle/crack-accessible bulk porosity,individual table value,26.7,,,,,percent,helium-accessible porosity PHe,helium and water saturation,individual core specimen,,core depth 3.73 m,"Johnson 1980, USGS Professional Paper 1123-B, Table 1",,Accessible porosity; no pore-size distribution is asserted. Helium and water values remain separate.
LITM-0265,selected_literature_outside_detailed_m3,LIT-020,Johnson (1980),basalt/volcanic rock,natural Kilauea Iki drill-core basalt; depth/vesicularity variable,"Kilauea Iki drill hole KI-76-1, Hawaii",exact volcanic setting,KILAUEA-KI-76-1-04,,,one Table 1 core specimen,effective_connected_porosity,vesicle/crack-accessible bulk porosity,individual table value,25.6,,,,,percent,water-accessible porosity PH2O after saturation at about one atmosphere,helium and water saturation,individual core specimen,,core depth 3.73 m,"Johnson 1980, USGS Professional Paper 1123-B, Table 1",,Accessible porosity; no pore-size distribution is asserted. Helium and water values remain separate.
LITM-0266,selected_literature_outside_detailed_m3,LIT-020,Johnson (1980),basalt/volcanic rock,natural Kilauea Iki drill-core basalt; depth/vesicularity variable,"Kilauea Iki drill hole KI-76-1, Hawaii",exact volcanic setting,KILAUEA-KI-76-1-05,,,one Table 1 core specimen,total_porosity,vesicle/crack-accessible bulk porosity,individual table value,14.1,,,,,percent,helium-accessible porosity PHe,helium and water saturation,individual core specimen,,core depth 4.70 m,"Johnson 1980, USGS Professional Paper 1123-B, Table 1",,Accessible porosity; no pore-size distribution is asserted. Helium and water values remain separate.
LITM-0267,selected_literature_outside_detailed_m3,LIT-020,Johnson (1980),basalt/volcanic rock,natural Kilauea Iki drill-core basalt; depth/vesicularity variable,"Kilauea Iki drill hole KI-76-1, Hawaii",exact volcanic setting,KILAUEA-KI-76-1-05,,,one Table 1 core specimen,effective_connected_porosity,vesicle/crack-accessible bulk porosity,individual table value,13.6,,,,,percent,water-accessible porosity PH2O after saturation at about one atmosphere,helium and water saturation,individual core specimen,,core depth 4.70 m,"Johnson 1980, USGS Professional Paper 1123-B, Table 1",,Accessible porosity; no pore-size distribution is asserted. Helium and water values remain separate.
LITM-0268,selected_literature_outside_detailed_m3,LIT-020,Johnson (1980),basalt/volcanic rock,natural Kilauea Iki drill-core basalt; depth/vesicularity variable,"Kilauea Iki drill hole KI-76-1, Hawaii",exact volcanic setting,KILAUEA-KI-76-1-06,,,one Table 1 core specimen,total_porosity,vesicle/crack-accessible bulk porosity,individual table value,14.6,,,,,percent,helium-accessible porosity PHe,helium and water saturation,individual core specimen,,core depth 5.59 m,"Johnson 1980, USGS Professional Paper 1123-B, Table 1",,Accessible porosity; no pore-size distribution is asserted. Helium and water values remain separate.
LITM-0269,selected_literature_outside_detailed_m3,LIT-020,Johnson (1980),basalt/volcanic rock,natural Kilauea Iki drill-core basalt; depth/vesicularity variable,"Kilauea Iki drill hole KI-76-1, Hawaii",exact volcanic setting,KILAUEA-KI-76-1-06,,,one Table 1 core specimen,effective_connected_porosity,vesicle/crack-accessible bulk porosity,individual table value,13.1,,,,,percent,water-accessible porosity PH2O after saturation at about one atmosphere,helium and water saturation,individual core specimen,,core depth 5.59 m,"Johnson 1980, USGS Professional Paper 1123-B, Table 1",,Accessible porosity; no pore-size distribution is asserted. Helium and water values remain separate.
LITM-0270,selected_literature_outside_detailed_m3,LIT-020,Johnson (1980),basalt/volcanic rock,natural Kilauea Iki drill-core basalt; depth/vesicularity variable,"Kilauea Iki drill hole KI-76-1, Hawaii",exact volcanic setting,KILAUEA-KI-76-1-07,,,one Table 1 core specimen,total_porosity,vesicle/crack-accessible bulk porosity,individual table value,7.32,,,,,percent,helium-accessible porosity PHe,helium and water saturation,individual core specimen,,core depth 6.53 m,"Johnson 1980, USGS Professional Paper 1123-B, Table 1",,Accessible porosity; no pore-size distribution is asserted. Helium and water values remain separate.
LITM-0271,selected_literature_outside_detailed_m3,LIT-020,Johnson (1980),basalt/volcanic rock,natural Kilauea Iki drill-core basalt; depth/vesicularity variable,"Kilauea Iki drill hole KI-76-1, Hawaii",exact volcanic setting,KILAUEA-KI-76-1-07,,,one Table 1 core specimen,effective_connected_porosity,vesicle/crack-accessible bulk porosity,individual table value,4.71,,,,,percent,water-accessible porosity PH2O after saturation at about one atmosphere,helium and water saturation,individual core specimen,,core depth 6.53 m,"Johnson 1980, USGS Professional Paper 1123-B, Table 1",,Accessible porosity; no pore-size distribution is asserted. Helium and water values remain separate.
LITM-0272,selected_literature_outside_detailed_m3,LIT-020,Johnson (1980),basalt/volcanic rock,natural Kilauea Iki drill-core basalt; depth/vesicularity variable,"Kilauea Iki drill hole KI-76-1, Hawaii",exact volcanic setting,KILAUEA-KI-76-1-08,,,one Table 1 core specimen,total_porosity,vesicle/crack-accessible bulk porosity,individual table value,12.6,,,,,percent,helium-accessible porosity PHe,helium and water saturation,individual core specimen,,core depth 7.39 m,"Johnson 1980, USGS Professional Paper 1123-B, Table 1",,Accessible porosity; no pore-size distribution is asserted. Helium and water values remain separate.
LITM-0273,selected_literature_outside_detailed_m3,LIT-020,Johnson (1980),basalt/volcanic rock,natural Kilauea Iki drill-core basalt; depth/vesicularity variable,"Kilauea Iki drill hole KI-76-1, Hawaii",exact volcanic setting,KILAUEA-KI-76-1-08,,,one Table 1 core specimen,effective_connected_porosity,vesicle/crack-accessible bulk porosity,individual table value,12.6,,,,,percent,water-accessible porosity PH2O after saturation at about one atmosphere,helium and water saturation,individual core specimen,,core depth 7.39 m,"Johnson 1980, USGS Professional Paper 1123-B, Table 1",,Accessible porosity; no pore-size distribution is asserted. Helium and water values remain separate.
LITM-0274,selected_literature_outside_detailed_m3,LIT-020,Johnson (1980),basalt/volcanic rock,natural Kilauea Iki drill-core basalt; depth/vesicularity variable,"Kilauea Iki drill hole KI-76-1, Hawaii",exact volcanic setting,KILAUEA-KI-76-1-09,,,one Table 1 core specimen,total_porosity,vesicle/crack-accessible bulk porosity,individual table value,15.4,,,,,percent,helium-accessible porosity PHe,helium and water saturation,individual core specimen,,core depth 8.31 m,"Johnson 1980, USGS Professional Paper 1123-B, Table 1",,Accessible porosity; no pore-size distribution is asserted. Helium and water values remain separate.
LITM-0275,selected_literature_outside_detailed_m3,LIT-020,Johnson (1980),basalt/volcanic rock,natural Kilauea Iki drill-core basalt; depth/vesicularity variable,"Kilauea Iki drill hole KI-76-1, Hawaii",exact volcanic setting,KILAUEA-KI-76-1-09,,,one Table 1 core specimen,effective_connected_porosity,vesicle/crack-accessible bulk porosity,individual table value,15.6,,,,,percent,water-accessible porosity PH2O after saturation at about one atmosphere,helium and water saturation,individual core specimen,,core depth 8.31 m,"Johnson 1980, USGS Professional Paper 1123-B, Table 1",,Accessible porosity; no pore-size distribution is asserted. Helium and water values remain separate.
LITM-0276,selected_literature_outside_detailed_m3,LIT-020,Johnson (1980),basalt/volcanic rock,natural Kilauea Iki drill-core basalt; depth/vesicularity variable,"Kilauea Iki drill hole KI-76-1, Hawaii",exact volcanic setting,KILAUEA-KI-76-1-10,,,one Table 1 core specimen,total_porosity,vesicle/crack-accessible bulk porosity,individual table value,20.2,,,,,percent,helium-accessible porosity PHe,helium and water saturation,individual core specimen,,core depth 9.22 m,"Johnson 1980, USGS Professional Paper 1123-B, Table 1",,Accessible porosity; no pore-size distribution is asserted. Helium and water values remain separate.
LITM-0277,selected_literature_outside_detailed_m3,LIT-020,Johnson (1980),basalt/volcanic rock,natural Kilauea Iki drill-core basalt; depth/vesicularity variable,"Kilauea Iki drill hole KI-76-1, Hawaii",exact volcanic setting,KILAUEA-KI-76-1-10,,,one Table 1 core specimen,effective_connected_porosity,vesicle/crack-accessible bulk porosity,individual table value,19.4,,,,,percent,water-accessible porosity PH2O after saturation at about one atmosphere,helium and water saturation,individual core specimen,,core depth 9.22 m,"Johnson 1980, USGS Professional Paper 1123-B, Table 1",,Accessible porosity; no pore-size distribution is asserted. Helium and water values remain separate.
LITM-0278,selected_literature_outside_detailed_m3,LIT-020,Johnson (1980),basalt/volcanic rock,natural Kilauea Iki drill-core basalt; depth/vesicularity variable,"Kilauea Iki drill hole KI-76-1, Hawaii",exact volcanic setting,KILAUEA-KI-76-1-11,,,one Table 1 core specimen,total_porosity,vesicle/crack-accessible bulk porosity,individual table value,17.2,,,,,percent,helium-accessible porosity PHe,helium and water saturation,individual core specimen,,core depth 10.13 m,"Johnson 1980, USGS Professional Paper 1123-B, Table 1",,Accessible porosity; no pore-size distribution is asserted. Helium and water values remain separate.
LITM-0279,selected_literature_outside_detailed_m3,LIT-020,Johnson (1980),basalt/volcanic rock,natural Kilauea Iki drill-core basalt; depth/vesicularity variable,"Kilauea Iki drill hole KI-76-1, Hawaii",exact volcanic setting,KILAUEA-KI-76-1-11,,,one Table 1 core specimen,effective_connected_porosity,vesicle/crack-accessible bulk porosity,individual table value,16.5,,,,,percent,water-accessible porosity PH2O after saturation at about one atmosphere,helium and water saturation,individual core specimen,,core depth 10.13 m,"Johnson 1980, USGS Professional Paper 1123-B, Table 1",,Accessible porosity; no pore-size distribution is asserted. Helium and water values remain separate.
LITM-0280,selected_literature_outside_detailed_m3,LIT-020,Johnson (1980),basalt/volcanic rock,natural Kilauea Iki drill-core basalt; depth/vesicularity variable,"Kilauea Iki drill hole KI-76-1, Hawaii",exact volcanic setting,KILAUEA-KI-76-1-12,,,one Table 1 core specimen,total_porosity,vesicle/crack-accessible bulk porosity,individual table value,13.7,,,,,percent,helium-accessible porosity PHe,helium and water saturation,individual core specimen,,core depth 11.00 m,"Johnson 1980, USGS Professional Paper 1123-B, Table 1",,Accessible porosity; no pore-size distribution is asserted. Helium and water values remain separate.
LITM-0281,selected_literature_outside_detailed_m3,LIT-020,Johnson (1980),basalt/volcanic rock,natural Kilauea Iki drill-core basalt; depth/vesicularity variable,"Kilauea Iki drill hole KI-76-1, Hawaii",exact volcanic setting,KILAUEA-KI-76-1-12,,,one Table 1 core specimen,effective_connected_porosity,vesicle/crack-accessible bulk porosity,individual table value,13.0,,,,,percent,water-accessible porosity PH2O after saturation at about one atmosphere,helium and water saturation,individual core specimen,,core depth 11.00 m,"Johnson 1980, USGS Professional Paper 1123-B, Table 1",,Accessible porosity; no pore-size distribution is asserted. Helium and water values remain separate.
LITM-0282,selected_literature_outside_detailed_m3,LIT-020,Johnson (1980),basalt/volcanic rock,natural Kilauea Iki drill-core basalt; depth/vesicularity variable,"Kilauea Iki drill hole KI-76-1, Hawaii",exact volcanic setting,KILAUEA-KI-76-1-13,,,one Table 1 core specimen,total_porosity,vesicle/crack-accessible bulk porosity,individual table value,24.3,,,,,percent,helium-accessible porosity PHe,helium and water saturation,individual core specimen,,core depth 11.96 m,"Johnson 1980, USGS Professional Paper 1123-B, Table 1",,Accessible porosity; no pore-size distribution is asserted. Helium and water values remain separate.
LITM-0283,selected_literature_outside_detailed_m3,LIT-020,Johnson (1980),basalt/volcanic rock,natural Kilauea Iki drill-core basalt; depth/vesicularity variable,"Kilauea Iki drill hole KI-76-1, Hawaii",exact volcanic setting,KILAUEA-KI-76-1-13,,,one Table 1 core specimen,effective_connected_porosity,vesicle/crack-accessible bulk porosity,individual table value,23.5,,,,,percent,water-accessible porosity PH2O after saturation at about one atmosphere,helium and water saturation,individual core specimen,,core depth 11.96 m,"Johnson 1980, USGS Professional Paper 1123-B, Table 1",,Accessible porosity; no pore-size distribution is asserted. Helium and water values remain separate.
LITM-0284,selected_literature_outside_detailed_m3,LIT-020,Johnson (1980),basalt/volcanic rock,natural Kilauea Iki drill-core basalt; depth/vesicularity variable,"Kilauea Iki drill hole KI-76-1, Hawaii",exact volcanic setting,KILAUEA-KI-76-1-14,,,one Table 1 core specimen,total_porosity,vesicle/crack-accessible bulk porosity,individual table value,10.1,,,,,percent,helium-accessible porosity PHe,helium and water saturation,individual core specimen,,core depth 12.88 m,"Johnson 1980, USGS Professional Paper 1123-B, Table 1",,Accessible porosity; no pore-size distribution is asserted. Helium and water values remain separate.
LITM-0285,selected_literature_outside_detailed_m3,LIT-020,Johnson (1980),basalt/volcanic rock,natural Kilauea Iki drill-core basalt; depth/vesicularity variable,"Kilauea Iki drill hole KI-76-1, Hawaii",exact volcanic setting,KILAUEA-KI-76-1-14,,,one Table 1 core specimen,effective_connected_porosity,vesicle/crack-accessible bulk porosity,individual table value,9.38,,,,,percent,water-accessible porosity PH2O after saturation at about one atmosphere,helium and water saturation,individual core specimen,,core depth 12.88 m,"Johnson 1980, USGS Professional Paper 1123-B, Table 1",,Accessible porosity; no pore-size distribution is asserted. Helium and water values remain separate.
LITM-0286,selected_literature_outside_detailed_m3,LIT-020,Johnson (1980),basalt/volcanic rock,natural Kilauea Iki drill-core basalt; depth/vesicularity variable,"Kilauea Iki drill hole KI-76-1, Hawaii",exact volcanic setting,KILAUEA-KI-76-1-15,,,one Table 1 core specimen,total_porosity,vesicle/crack-accessible bulk porosity,individual table value,10.4,,,,,percent,helium-accessible porosity PHe,helium and water saturation,individual core specimen,,core depth 13.84 m,"Johnson 1980, USGS Professional Paper 1123-B, Table 1",,Accessible porosity; no pore-size distribution is asserted. Helium and water values remain separate.
LITM-0287,selected_literature_outside_detailed_m3,LIT-020,Johnson (1980),basalt/volcanic rock,natural Kilauea Iki drill-core basalt; depth/vesicularity variable,"Kilauea Iki drill hole KI-76-1, Hawaii",exact volcanic setting,KILAUEA-KI-76-1-15,,,one Table 1 core specimen,effective_connected_porosity,vesicle/crack-accessible bulk porosity,individual table value,10.4,,,,,percent,water-accessible porosity PH2O after saturation at about one atmosphere,helium and water saturation,individual core specimen,,core depth 13.84 m,"Johnson 1980, USGS Professional Paper 1123-B, Table 1",,Accessible porosity; no pore-size distribution is asserted. Helium and water values remain separate.
LITM-0288,selected_literature_outside_detailed_m3,LIT-020,Johnson (1980),basalt/volcanic rock,natural Kilauea Iki drill-core basalt; depth/vesicularity variable,"Kilauea Iki drill hole KI-76-1, Hawaii",exact volcanic setting,KILAUEA-KI-76-1-16,,,one Table 1 core specimen,total_porosity,vesicle/crack-accessible bulk porosity,individual table value,10.6,,,,,percent,helium-accessible porosity PHe,helium and water saturation,individual core specimen,,core depth 14.71 m,"Johnson 1980, USGS Professional Paper 1123-B, Table 1",,Accessible porosity; no pore-size distribution is asserted. Helium and water values remain separate.
LITM-0289,selected_literature_outside_detailed_m3,LIT-020,Johnson (1980),basalt/volcanic rock,natural Kilauea Iki drill-core basalt; depth/vesicularity variable,"Kilauea Iki drill hole KI-76-1, Hawaii",exact volcanic setting,KILAUEA-KI-76-1-16,,,one Table 1 core specimen,effective_connected_porosity,vesicle/crack-accessible bulk porosity,individual table value,10.1,,,,,percent,water-accessible porosity PH2O after saturation at about one atmosphere,helium and water saturation,individual core specimen,,core depth 14.71 m,"Johnson 1980, USGS Professional Paper 1123-B, Table 1",,Accessible porosity; no pore-size distribution is asserted. Helium and water values remain separate.
LITM-0290,selected_literature_outside_detailed_m3,LIT-020,Johnson (1980),basalt/volcanic rock,natural Kilauea Iki drill-core basalt; depth/vesicularity variable,"Kilauea Iki drill hole KI-76-1, Hawaii",exact volcanic setting,KILAUEA-KI-76-1-17,,,one Table 1 core specimen,total_porosity,vesicle/crack-accessible bulk porosity,individual table value,10.4,,,,,percent,helium-accessible porosity PHe,helium and water saturation,individual core specimen,,core depth 15.62 m,"Johnson 1980, USGS Professional Paper 1123-B, Table 1",,Accessible porosity; no pore-size distribution is asserted. Helium and water values remain separate.
LITM-0291,selected_literature_outside_detailed_m3,LIT-020,Johnson (1980),basalt/volcanic rock,natural Kilauea Iki drill-core basalt; depth/vesicularity variable,"Kilauea Iki drill hole KI-76-1, Hawaii",exact volcanic setting,KILAUEA-KI-76-1-17,,,one Table 1 core specimen,effective_connected_porosity,vesicle/crack-accessible bulk porosity,individual table value,10.4,,,,,percent,water-accessible porosity PH2O after saturation at about one atmosphere,helium and water saturation,individual core specimen,,core depth 15.62 m,"Johnson 1980, USGS Professional Paper 1123-B, Table 1",,Accessible porosity; no pore-size distribution is asserted. Helium and water values remain separate.
LITM-0292,selected_literature_outside_detailed_m3,LIT-020,Johnson (1980),basalt/volcanic rock,natural Kilauea Iki drill-core basalt; depth/vesicularity variable,"Kilauea Iki drill hole KI-76-1, Hawaii",exact volcanic setting,KILAUEA-KI-76-1-18,,,one Table 1 core specimen,total_porosity,vesicle/crack-accessible bulk porosity,individual table value,26.4,,,,,percent,helium-accessible porosity PHe,helium and water saturation,individual core specimen,,core depth 16.56 m,"Johnson 1980, USGS Professional Paper 1123-B, Table 1",,Accessible porosity; no pore-size distribution is asserted. Helium and water values remain separate.
LITM-0293,selected_literature_outside_detailed_m3,LIT-020,Johnson (1980),basalt/volcanic rock,natural Kilauea Iki drill-core basalt; depth/vesicularity variable,"Kilauea Iki drill hole KI-76-1, Hawaii",exact volcanic setting,KILAUEA-KI-76-1-18,,,one Table 1 core specimen,effective_connected_porosity,vesicle/crack-accessible bulk porosity,individual table value,25.9,,,,,percent,water-accessible porosity PH2O after saturation at about one atmosphere,helium and water saturation,individual core specimen,,core depth 16.56 m,"Johnson 1980, USGS Professional Paper 1123-B, Table 1",,Accessible porosity; no pore-size distribution is asserted. Helium and water values remain separate.
LITM-0294,selected_literature_outside_detailed_m3,LIT-020,Johnson (1980),basalt/volcanic rock,natural Kilauea Iki drill-core basalt; depth/vesicularity variable,"Kilauea Iki drill hole KI-76-1, Hawaii",exact volcanic setting,KILAUEA-KI-76-1-19,,,one Table 1 core specimen,total_porosity,vesicle/crack-accessible bulk porosity,individual table value,11.7,,,,,percent,helium-accessible porosity PHe,helium and water saturation,individual core specimen,,core depth 16.56 m,"Johnson 1980, USGS Professional Paper 1123-B, Table 1",,Accessible porosity; no pore-size distribution is asserted. Helium and water values remain separate.
LITM-0295,selected_literature_outside_detailed_m3,LIT-020,Johnson (1980),basalt/volcanic rock,natural Kilauea Iki drill-core basalt; depth/vesicularity variable,"Kilauea Iki drill hole KI-76-1, Hawaii",exact volcanic setting,KILAUEA-KI-76-1-19,,,one Table 1 core specimen,effective_connected_porosity,vesicle/crack-accessible bulk porosity,individual table value,11.2,,,,,percent,water-accessible porosity PH2O after saturation at about one atmosphere,helium and water saturation,individual core specimen,,core depth 16.56 m,"Johnson 1980, USGS Professional Paper 1123-B, Table 1",,Accessible porosity; no pore-size distribution is asserted. Helium and water values remain separate.
LITM-0296,selected_literature_outside_detailed_m3,LIT-020,Johnson (1980),basalt/volcanic rock,natural Kilauea Iki drill-core basalt; depth/vesicularity variable,"Kilauea Iki drill hole KI-76-1, Hawaii",exact volcanic setting,KILAUEA-KI-76-1-20,,,one Table 1 core specimen,total_porosity,vesicle/crack-accessible bulk porosity,individual table value,9.58,,,,,percent,helium-accessible porosity PHe,helium and water saturation,individual core specimen,,core depth 17.45 m,"Johnson 1980, USGS Professional Paper 1123-B, Table 1",,Accessible porosity; no pore-size distribution is asserted. Helium and water values remain separate.
LITM-0297,selected_literature_outside_detailed_m3,LIT-020,Johnson (1980),basalt/volcanic rock,natural Kilauea Iki drill-core basalt; depth/vesicularity variable,"Kilauea Iki drill hole KI-76-1, Hawaii",exact volcanic setting,KILAUEA-KI-76-1-20,,,one Table 1 core specimen,effective_connected_porosity,vesicle/crack-accessible bulk porosity,individual table value,8.85,,,,,percent,water-accessible porosity PH2O after saturation at about one atmosphere,helium and water saturation,individual core specimen,,core depth 17.45 m,"Johnson 1980, USGS Professional Paper 1123-B, Table 1",,Accessible porosity; no pore-size distribution is asserted. Helium and water values remain separate.
LITM-0298,selected_literature_outside_detailed_m3,LIT-020,Johnson (1980),basalt/volcanic rock,natural Kilauea Iki drill-core basalt; depth/vesicularity variable,"Kilauea Iki drill hole KI-76-1, Hawaii",exact volcanic setting,KILAUEA-KI-76-1-21,,,one Table 1 core specimen,total_porosity,vesicle/crack-accessible bulk porosity,individual table value,10.4,,,,,percent,helium-accessible porosity PHe,helium and water saturation,individual core specimen,,core depth 18.31 m,"Johnson 1980, USGS Professional Paper 1123-B, Table 1",,Accessible porosity; no pore-size distribution is asserted. Helium and water values remain separate.
LITM-0299,selected_literature_outside_detailed_m3,LIT-020,Johnson (1980),basalt/volcanic rock,natural Kilauea Iki drill-core basalt; depth/vesicularity variable,"Kilauea Iki drill hole KI-76-1, Hawaii",exact volcanic setting,KILAUEA-KI-76-1-21,,,one Table 1 core specimen,effective_connected_porosity,vesicle/crack-accessible bulk porosity,individual table value,9.96,,,,,percent,water-accessible porosity PH2O after saturation at about one atmosphere,helium and water saturation,individual core specimen,,core depth 18.31 m,"Johnson 1980, USGS Professional Paper 1123-B, Table 1",,Accessible porosity; no pore-size distribution is asserted. Helium and water values remain separate.
LITM-0300,selected_literature_outside_detailed_m3,LIT-020,Johnson (1980),basalt/volcanic rock,natural Kilauea Iki drill-core basalt; depth/vesicularity variable,"Kilauea Iki drill hole KI-76-1, Hawaii",exact volcanic setting,KILAUEA-KI-76-1-22,,,one Table 1 core specimen,total_porosity,vesicle/crack-accessible bulk porosity,individual table value,14.7,,,,,percent,helium-accessible porosity PHe,helium and water saturation,individual core specimen,,core depth 19.30 m,"Johnson 1980, USGS Professional Paper 1123-B, Table 1",,Accessible porosity; no pore-size distribution is asserted. Helium and water values remain separate.
LITM-0301,selected_literature_outside_detailed_m3,LIT-020,Johnson (1980),basalt/volcanic rock,natural Kilauea Iki drill-core basalt; depth/vesicularity variable,"Kilauea Iki drill hole KI-76-1, Hawaii",exact volcanic setting,KILAUEA-KI-76-1-22,,,one Table 1 core specimen,effective_connected_porosity,vesicle/crack-accessible bulk porosity,individual table value,14.0,,,,,percent,water-accessible porosity PH2O after saturation at about one atmosphere,helium and water saturation,individual core specimen,,core depth 19.30 m,"Johnson 1980, USGS Professional Paper 1123-B, Table 1",,Accessible porosity; no pore-size distribution is asserted. Helium and water values remain separate.
LITM-0302,selected_literature_outside_detailed_m3,LIT-020,Johnson (1980),basalt/volcanic rock,natural Kilauea Iki drill-core basalt; depth/vesicularity variable,"Kilauea Iki drill hole KI-76-1, Hawaii",exact volcanic setting,KILAUEA-KI-76-1-23,,,one Table 1 core specimen,total_porosity,vesicle/crack-accessible bulk porosity,individual table value,13.0,,,,,percent,helium-accessible porosity PHe,helium and water saturation,individual core specimen,,core depth 20.57 m,"Johnson 1980, USGS Professional Paper 1123-B, Table 1",,Accessible porosity; no pore-size distribution is asserted. Helium and water values remain separate.
LITM-0303,selected_literature_outside_detailed_m3,LIT-020,Johnson (1980),basalt/volcanic rock,natural Kilauea Iki drill-core basalt; depth/vesicularity variable,"Kilauea Iki drill hole KI-76-1, Hawaii",exact volcanic setting,KILAUEA-KI-76-1-23,,,one Table 1 core specimen,effective_connected_porosity,vesicle/crack-accessible bulk porosity,individual table value,12.2,,,,,percent,water-accessible porosity PH2O after saturation at about one atmosphere,helium and water saturation,individual core specimen,,core depth 20.57 m,"Johnson 1980, USGS Professional Paper 1123-B, Table 1",,Accessible porosity; no pore-size distribution is asserted. Helium and water values remain separate.
LITM-0304,selected_literature_outside_detailed_m3,LIT-020,Johnson (1980),basalt/volcanic rock,natural Kilauea Iki drill-core basalt; depth/vesicularity variable,"Kilauea Iki drill hole KI-76-1, Hawaii",exact volcanic setting,KILAUEA-KI-76-1-24,,,one Table 1 core specimen,total_porosity,vesicle/crack-accessible bulk porosity,individual table value,13.1,,,,,percent,helium-accessible porosity PHe,helium and water saturation,individual core specimen,,core depth 21.65 m,"Johnson 1980, USGS Professional Paper 1123-B, Table 1",,Accessible porosity; no pore-size distribution is asserted. Helium and water values remain separate.
LITM-0305,selected_literature_outside_detailed_m3,LIT-020,Johnson (1980),basalt/volcanic rock,natural Kilauea Iki drill-core basalt; depth/vesicularity variable,"Kilauea Iki drill hole KI-76-1, Hawaii",exact volcanic setting,KILAUEA-KI-76-1-24,,,one Table 1 core specimen,effective_connected_porosity,vesicle/crack-accessible bulk porosity,individual table value,12.6,,,,,percent,water-accessible porosity PH2O after saturation at about one atmosphere,helium and water saturation,individual core specimen,,core depth 21.65 m,"Johnson 1980, USGS Professional Paper 1123-B, Table 1",,Accessible porosity; no pore-size distribution is asserted. Helium and water values remain separate.
LITM-0306,selected_literature_outside_detailed_m3,LIT-020,Johnson (1980),basalt/volcanic rock,natural Kilauea Iki drill-core basalt; depth/vesicularity variable,"Kilauea Iki drill hole KI-76-1, Hawaii",exact volcanic setting,KILAUEA-KI-76-1-25,,,one Table 1 core specimen,total_porosity,vesicle/crack-accessible bulk porosity,individual table value,18.7,,,,,percent,helium-accessible porosity PHe,helium and water saturation,individual core specimen,,core depth 23.24 m,"Johnson 1980, USGS Professional Paper 1123-B, Table 1",,Accessible porosity; no pore-size distribution is asserted. Helium and water values remain separate.
LITM-0307,selected_literature_outside_detailed_m3,LIT-020,Johnson (1980),basalt/volcanic rock,natural Kilauea Iki drill-core basalt; depth/vesicularity variable,"Kilauea Iki drill hole KI-76-1, Hawaii",exact volcanic setting,KILAUEA-KI-76-1-25,,,one Table 1 core specimen,effective_connected_porosity,vesicle/crack-accessible bulk porosity,individual table value,18.1,,,,,percent,water-accessible porosity PH2O after saturation at about one atmosphere,helium and water saturation,individual core specimen,,core depth 23.24 m,"Johnson 1980, USGS Professional Paper 1123-B, Table 1",,Accessible porosity; no pore-size distribution is asserted. Helium and water values remain separate.
LITM-0308,selected_literature_outside_detailed_m3,LIT-020,Johnson (1980),basalt/volcanic rock,natural Kilauea Iki drill-core basalt; depth/vesicularity variable,"Kilauea Iki drill hole KI-76-1, Hawaii",exact volcanic setting,KILAUEA-KI-76-1-26,,,one Table 1 core specimen,total_porosity,vesicle/crack-accessible bulk porosity,individual table value,11.8,,,,,percent,helium-accessible porosity PHe,helium and water saturation,individual core specimen,,core depth 24.16 m,"Johnson 1980, USGS Professional Paper 1123-B, Table 1",,Accessible porosity; no pore-size distribution is asserted. Helium and water values remain separate.
LITM-0309,selected_literature_outside_detailed_m3,LIT-020,Johnson (1980),basalt/volcanic rock,natural Kilauea Iki drill-core basalt; depth/vesicularity variable,"Kilauea Iki drill hole KI-76-1, Hawaii",exact volcanic setting,KILAUEA-KI-76-1-26,,,one Table 1 core specimen,effective_connected_porosity,vesicle/crack-accessible bulk porosity,individual table value,11.2,,,,,percent,water-accessible porosity PH2O after saturation at about one atmosphere,helium and water saturation,individual core specimen,,core depth 24.16 m,"Johnson 1980, USGS Professional Paper 1123-B, Table 1",,Accessible porosity; no pore-size distribution is asserted. Helium and water values remain separate.
LITM-0310,selected_literature_outside_detailed_m3,LIT-020,Johnson (1980),basalt/volcanic rock,natural Kilauea Iki drill-core basalt; depth/vesicularity variable,"Kilauea Iki drill hole KI-76-1, Hawaii",exact volcanic setting,KILAUEA-KI-76-1-27,,,one Table 1 core specimen,total_porosity,vesicle/crack-accessible bulk porosity,individual table value,15.2,,,,,percent,helium-accessible porosity PHe,helium and water saturation,individual core specimen,,core depth 25.07 m,"Johnson 1980, USGS Professional Paper 1123-B, Table 1",,Accessible porosity; no pore-size distribution is asserted. Helium and water values remain separate.
LITM-0311,selected_literature_outside_detailed_m3,LIT-020,Johnson (1980),basalt/volcanic rock,natural Kilauea Iki drill-core basalt; depth/vesicularity variable,"Kilauea Iki drill hole KI-76-1, Hawaii",exact volcanic setting,KILAUEA-KI-76-1-27,,,one Table 1 core specimen,effective_connected_porosity,vesicle/crack-accessible bulk porosity,individual table value,14.8,,,,,percent,water-accessible porosity PH2O after saturation at about one atmosphere,helium and water saturation,individual core specimen,,core depth 25.07 m,"Johnson 1980, USGS Professional Paper 1123-B, Table 1",,Accessible porosity; no pore-size distribution is asserted. Helium and water values remain separate.
LITM-0312,selected_literature_outside_detailed_m3,LIT-020,Johnson (1980),basalt/volcanic rock,natural Kilauea Iki drill-core basalt; depth/vesicularity variable,"Kilauea Iki drill hole KI-76-1, Hawaii",exact volcanic setting,KILAUEA-KI-76-1-28,,,one Table 1 core specimen,total_porosity,vesicle/crack-accessible bulk porosity,individual table value,9.63,,,,,percent,helium-accessible porosity PHe,helium and water saturation,individual core specimen,,core depth 25.96 m,"Johnson 1980, USGS Professional Paper 1123-B, Table 1",,Accessible porosity; no pore-size distribution is asserted. Helium and water values remain separate.
LITM-0313,selected_literature_outside_detailed_m3,LIT-020,Johnson (1980),basalt/volcanic rock,natural Kilauea Iki drill-core basalt; depth/vesicularity variable,"Kilauea Iki drill hole KI-76-1, Hawaii",exact volcanic setting,KILAUEA-KI-76-1-28,,,one Table 1 core specimen,effective_connected_porosity,vesicle/crack-accessible bulk porosity,individual table value,8.31,,,,,percent,water-accessible porosity PH2O after saturation at about one atmosphere,helium and water saturation,individual core specimen,,core depth 25.96 m,"Johnson 1980, USGS Professional Paper 1123-B, Table 1",,Accessible porosity; no pore-size distribution is asserted. Helium and water values remain separate.
LITM-0314,selected_literature_outside_detailed_m3,LIT-020,Johnson (1980),basalt/volcanic rock,natural Kilauea Iki drill-core basalt; depth/vesicularity variable,"Kilauea Iki drill hole KI-76-1, Hawaii",exact volcanic setting,KILAUEA-KI-76-1-29,,,one Table 1 core specimen,total_porosity,vesicle/crack-accessible bulk porosity,individual table value,9.7,,,,,percent,helium-accessible porosity PHe,helium and water saturation,individual core specimen,,core depth 27.20 m,"Johnson 1980, USGS Professional Paper 1123-B, Table 1",,Accessible porosity; no pore-size distribution is asserted. Helium and water values remain separate.
LITM-0315,selected_literature_outside_detailed_m3,LIT-020,Johnson (1980),basalt/volcanic rock,natural Kilauea Iki drill-core basalt; depth/vesicularity variable,"Kilauea Iki drill hole KI-76-1, Hawaii",exact volcanic setting,KILAUEA-KI-76-1-29,,,one Table 1 core specimen,effective_connected_porosity,vesicle/crack-accessible bulk porosity,individual table value,7.97,,,,,percent,water-accessible porosity PH2O after saturation at about one atmosphere,helium and water saturation,individual core specimen,,core depth 27.20 m,"Johnson 1980, USGS Professional Paper 1123-B, Table 1",,Accessible porosity; no pore-size distribution is asserted. Helium and water values remain separate.
LITM-0316,selected_literature_outside_detailed_m3,LIT-020,Johnson (1980),basalt/volcanic rock,natural Kilauea Iki drill-core basalt; depth/vesicularity variable,"Kilauea Iki drill hole KI-76-1, Hawaii",exact volcanic setting,KILAUEA-KI-76-1-30,,,one Table 1 core specimen,total_porosity,vesicle/crack-accessible bulk porosity,individual table value,9.92,,,,,percent,helium-accessible porosity PHe,helium and water saturation,individual core specimen,,core depth 28.32 m,"Johnson 1980, USGS Professional Paper 1123-B, Table 1",,Accessible porosity; no pore-size distribution is asserted. Helium and water values remain separate.
LITM-0317,selected_literature_outside_detailed_m3,LIT-020,Johnson (1980),basalt/volcanic rock,natural Kilauea Iki drill-core basalt; depth/vesicularity variable,"Kilauea Iki drill hole KI-76-1, Hawaii",exact volcanic setting,KILAUEA-KI-76-1-30,,,one Table 1 core specimen,effective_connected_porosity,vesicle/crack-accessible bulk porosity,individual table value,9.12,,,,,percent,water-accessible porosity PH2O after saturation at about one atmosphere,helium and water saturation,individual core specimen,,core depth 28.32 m,"Johnson 1980, USGS Professional Paper 1123-B, Table 1",,Accessible porosity; no pore-size distribution is asserted. Helium and water values remain separate.
LITM-0318,selected_literature_outside_detailed_m3,LIT-020,Johnson (1980),basalt/volcanic rock,natural Kilauea Iki drill-core basalt; depth/vesicularity variable,"Kilauea Iki drill hole KI-76-1, Hawaii",exact volcanic setting,KILAUEA-KI-76-1-31,,,one Table 1 core specimen,total_porosity,vesicle/crack-accessible bulk porosity,individual table value,7.94,,,,,percent,helium-accessible porosity PHe,helium and water saturation,individual core specimen,,core depth 28.93 m,"Johnson 1980, USGS Professional Paper 1123-B, Table 1",,Accessible porosity; no pore-size distribution is asserted. Helium and water values remain separate.
LITM-0319,selected_literature_outside_detailed_m3,LIT-020,Johnson (1980),basalt/volcanic rock,natural Kilauea Iki drill-core basalt; depth/vesicularity variable,"Kilauea Iki drill hole KI-76-1, Hawaii",exact volcanic setting,KILAUEA-KI-76-1-31,,,one Table 1 core specimen,effective_connected_porosity,vesicle/crack-accessible bulk porosity,individual table value,7.03,,,,,percent,water-accessible porosity PH2O after saturation at about one atmosphere,helium and water saturation,individual core specimen,,core depth 28.93 m,"Johnson 1980, USGS Professional Paper 1123-B, Table 1",,Accessible porosity; no pore-size distribution is asserted. Helium and water values remain separate.
LITM-0320,selected_literature_outside_detailed_m3,LIT-020,Johnson (1980),basalt/volcanic rock,natural Kilauea Iki drill-core basalt; depth/vesicularity variable,"Kilauea Iki drill hole KI-76-1, Hawaii",exact volcanic setting,KILAUEA-KI-76-1-32,,,one Table 1 core specimen,total_porosity,vesicle/crack-accessible bulk porosity,individual table value,10.4,,,,,percent,helium-accessible porosity PHe,helium and water saturation,individual core specimen,,core depth 29.90 m,"Johnson 1980, USGS Professional Paper 1123-B, Table 1",,Accessible porosity; no pore-size distribution is asserted. Helium and water values remain separate.
LITM-0321,selected_literature_outside_detailed_m3,LIT-020,Johnson (1980),basalt/volcanic rock,natural Kilauea Iki drill-core basalt; depth/vesicularity variable,"Kilauea Iki drill hole KI-76-1, Hawaii",exact volcanic setting,KILAUEA-KI-76-1-32,,,one Table 1 core specimen,effective_connected_porosity,vesicle/crack-accessible bulk porosity,individual table value,8.11,,,,,percent,water-accessible porosity PH2O after saturation at about one atmosphere,helium and water saturation,individual core specimen,,core depth 29.90 m,"Johnson 1980, USGS Professional Paper 1123-B, Table 1",,Accessible porosity; no pore-size distribution is asserted. Helium and water values remain separate.
LITM-0322,selected_literature_outside_detailed_m3,LIT-020,Johnson (1980),basalt/volcanic rock,natural Kilauea Iki drill-core basalt; depth/vesicularity variable,"Kilauea Iki drill hole KI-76-1, Hawaii",exact volcanic setting,KILAUEA-KI-76-1-33,,,one Table 1 core specimen,total_porosity,vesicle/crack-accessible bulk porosity,individual table value,9.14,,,,,percent,helium-accessible porosity PHe,helium and water saturation,individual core specimen,,core depth 30.99 m,"Johnson 1980, USGS Professional Paper 1123-B, Table 1",,Accessible porosity; no pore-size distribution is asserted. Helium and water values remain separate.
LITM-0323,selected_literature_outside_detailed_m3,LIT-020,Johnson (1980),basalt/volcanic rock,natural Kilauea Iki drill-core basalt; depth/vesicularity variable,"Kilauea Iki drill hole KI-76-1, Hawaii",exact volcanic setting,KILAUEA-KI-76-1-33,,,one Table 1 core specimen,effective_connected_porosity,vesicle/crack-accessible bulk porosity,individual table value,8.09,,,,,percent,water-accessible porosity PH2O after saturation at about one atmosphere,helium and water saturation,individual core specimen,,core depth 30.99 m,"Johnson 1980, USGS Professional Paper 1123-B, Table 1",,Accessible porosity; no pore-size distribution is asserted. Helium and water values remain separate.
LITM-0324,selected_literature_outside_detailed_m3,LIT-020,Johnson (1980),basalt/volcanic rock,natural Kilauea Iki drill-core basalt; depth/vesicularity variable,"Kilauea Iki drill hole KI-76-1, Hawaii",exact volcanic setting,KILAUEA-KI-76-1-34,,,one Table 1 core specimen,total_porosity,vesicle/crack-accessible bulk porosity,individual table value,7.92,,,,,percent,helium-accessible porosity PHe,helium and water saturation,individual core specimen,,core depth 32.54 m,"Johnson 1980, USGS Professional Paper 1123-B, Table 1",,Accessible porosity; no pore-size distribution is asserted. Helium and water values remain separate.
LITM-0325,selected_literature_outside_detailed_m3,LIT-020,Johnson (1980),basalt/volcanic rock,natural Kilauea Iki drill-core basalt; depth/vesicularity variable,"Kilauea Iki drill hole KI-76-1, Hawaii",exact volcanic setting,KILAUEA-KI-76-1-34,,,one Table 1 core specimen,effective_connected_porosity,vesicle/crack-accessible bulk porosity,individual table value,4.43,,,,,percent,water-accessible porosity PH2O after saturation at about one atmosphere,helium and water saturation,individual core specimen,,core depth 32.54 m,"Johnson 1980, USGS Professional Paper 1123-B, Table 1",,Accessible porosity; no pore-size distribution is asserted. Helium and water values remain separate.
LITM-0326,selected_literature_outside_detailed_m3,LIT-020,Johnson (1980),basalt/volcanic rock,natural Kilauea Iki drill-core basalt; depth/vesicularity variable,"Kilauea Iki drill hole KI-76-1, Hawaii",exact volcanic setting,KILAUEA-KI-76-1-35,,,one Table 1 core specimen,total_porosity,vesicle/crack-accessible bulk porosity,individual table value,7.28,,,,,percent,helium-accessible porosity PHe,helium and water saturation,individual core specimen,,core depth 33.45 m,"Johnson 1980, USGS Professional Paper 1123-B, Table 1",,Accessible porosity; no pore-size distribution is asserted. Helium and water values remain separate.
LITM-0327,selected_literature_outside_detailed_m3,LIT-020,Johnson (1980),basalt/volcanic rock,natural Kilauea Iki drill-core basalt; depth/vesicularity variable,"Kilauea Iki drill hole KI-76-1, Hawaii",exact volcanic setting,KILAUEA-KI-76-1-35,,,one Table 1 core specimen,effective_connected_porosity,vesicle/crack-accessible bulk porosity,individual table value,4.14,,,,,percent,water-accessible porosity PH2O after saturation at about one atmosphere,helium and water saturation,individual core specimen,,core depth 33.45 m,"Johnson 1980, USGS Professional Paper 1123-B, Table 1",,Accessible porosity; no pore-size distribution is asserted. Helium and water values remain separate.
LITM-0328,selected_literature_outside_detailed_m3,LIT-020,Johnson (1980),basalt/volcanic rock,natural Kilauea Iki drill-core basalt; depth/vesicularity variable,"Kilauea Iki drill hole KI-76-1, Hawaii",exact volcanic setting,KILAUEA-KI-76-1-36,,,one Table 1 core specimen,total_porosity,vesicle/crack-accessible bulk porosity,individual table value,6.72,,,,,percent,helium-accessible porosity PHe,helium and water saturation,individual core specimen,,core depth 34.47 m,"Johnson 1980, USGS Professional Paper 1123-B, Table 1",,Accessible porosity; no pore-size distribution is asserted. Helium and water values remain separate.
LITM-0329,selected_literature_outside_detailed_m3,LIT-020,Johnson (1980),basalt/volcanic rock,natural Kilauea Iki drill-core basalt; depth/vesicularity variable,"Kilauea Iki drill hole KI-76-1, Hawaii",exact volcanic setting,KILAUEA-KI-76-1-36,,,one Table 1 core specimen,effective_connected_porosity,vesicle/crack-accessible bulk porosity,individual table value,4.53,,,,,percent,water-accessible porosity PH2O after saturation at about one atmosphere,helium and water saturation,individual core specimen,,core depth 34.47 m,"Johnson 1980, USGS Professional Paper 1123-B, Table 1",,Accessible porosity; no pore-size distribution is asserted. Helium and water values remain separate.
LITM-0330,selected_literature_outside_detailed_m3,LIT-020,Johnson (1980),basalt/volcanic rock,natural Kilauea Iki drill-core basalt; depth/vesicularity variable,"Kilauea Iki drill hole KI-76-1, Hawaii",exact volcanic setting,KILAUEA-KI-76-1-37,,,one Table 1 core specimen,total_porosity,vesicle/crack-accessible bulk porosity,individual table value,8.41,,,,,percent,helium-accessible porosity PHe,helium and water saturation,individual core specimen,,core depth 35.38 m,"Johnson 1980, USGS Professional Paper 1123-B, Table 1",,Accessible porosity; no pore-size distribution is asserted. Helium and water values remain separate.
LITM-0331,selected_literature_outside_detailed_m3,LIT-020,Johnson (1980),basalt/volcanic rock,natural Kilauea Iki drill-core basalt; depth/vesicularity variable,"Kilauea Iki drill hole KI-76-1, Hawaii",exact volcanic setting,KILAUEA-KI-76-1-37,,,one Table 1 core specimen,effective_connected_porosity,vesicle/crack-accessible bulk porosity,individual table value,6.19,,,,,percent,water-accessible porosity PH2O after saturation at about one atmosphere,helium and water saturation,individual core specimen,,core depth 35.38 m,"Johnson 1980, USGS Professional Paper 1123-B, Table 1",,Accessible porosity; no pore-size distribution is asserted. Helium and water values remain separate.
LITM-0332,selected_literature_outside_detailed_m3,LIT-020,Johnson (1980),basalt/volcanic rock,natural Kilauea Iki drill-core basalt; depth/vesicularity variable,"Kilauea Iki drill hole KI-76-1, Hawaii",exact volcanic setting,KILAUEA-KI-76-1-38,,,one Table 1 core specimen,total_porosity,vesicle/crack-accessible bulk porosity,individual table value,8.43,,,,,percent,helium-accessible porosity PHe,helium and water saturation,individual core specimen,,core depth 36.60 m,"Johnson 1980, USGS Professional Paper 1123-B, Table 1",,Accessible porosity; no pore-size distribution is asserted. Helium and water values remain separate.
LITM-0333,selected_literature_outside_detailed_m3,LIT-020,Johnson (1980),basalt/volcanic rock,natural Kilauea Iki drill-core basalt; depth/vesicularity variable,"Kilauea Iki drill hole KI-76-1, Hawaii",exact volcanic setting,KILAUEA-KI-76-1-38,,,one Table 1 core specimen,effective_connected_porosity,vesicle/crack-accessible bulk porosity,individual table value,7.42,,,,,percent,water-accessible porosity PH2O after saturation at about one atmosphere,helium and water saturation,individual core specimen,,core depth 36.60 m,"Johnson 1980, USGS Professional Paper 1123-B, Table 1",,Accessible porosity; no pore-size distribution is asserted. Helium and water values remain separate.
LITM-0334,selected_literature_outside_detailed_m3,LIT-020,Johnson (1980),basalt/volcanic rock,natural Kilauea Iki drill-core basalt; depth/vesicularity variable,"Kilauea Iki drill hole KI-76-1, Hawaii",exact volcanic setting,KILAUEA-KI-76-1-39,,,one Table 1 core specimen,total_porosity,vesicle/crack-accessible bulk porosity,individual table value,11.4,,,,,percent,helium-accessible porosity PHe,helium and water saturation,individual core specimen,,core depth 37.57 m,"Johnson 1980, USGS Professional Paper 1123-B, Table 1",,Accessible porosity; no pore-size distribution is asserted. Helium and water values remain separate.
LITM-0335,selected_literature_outside_detailed_m3,LIT-020,Johnson (1980),basalt/volcanic rock,natural Kilauea Iki drill-core basalt; depth/vesicularity variable,"Kilauea Iki drill hole KI-76-1, Hawaii",exact volcanic setting,KILAUEA-KI-76-1-39,,,one Table 1 core specimen,effective_connected_porosity,vesicle/crack-accessible bulk porosity,individual table value,10.6,,,,,percent,water-accessible porosity PH2O after saturation at about one atmosphere,helium and water saturation,individual core specimen,,core depth 37.57 m,"Johnson 1980, USGS Professional Paper 1123-B, Table 1",,Accessible porosity; no pore-size distribution is asserted. Helium and water values remain separate.
LITM-0336,selected_literature_outside_detailed_m3,LIT-020,Johnson (1980),basalt/volcanic rock,natural Kilauea Iki drill-core basalt; depth/vesicularity variable,"Kilauea Iki drill hole KI-76-1, Hawaii",exact volcanic setting,KILAUEA-KI-76-1-40,,,one Table 1 core specimen,total_porosity,vesicle/crack-accessible bulk porosity,individual table value,13.3,,,,,percent,helium-accessible porosity PHe,helium and water saturation,individual core specimen,,core depth 39.04 m,"Johnson 1980, USGS Professional Paper 1123-B, Table 1",,Accessible porosity; no pore-size distribution is asserted. Helium and water values remain separate.
LITM-0337,selected_literature_outside_detailed_m3,LIT-020,Johnson (1980),basalt/volcanic rock,natural Kilauea Iki drill-core basalt; depth/vesicularity variable,"Kilauea Iki drill hole KI-76-1, Hawaii",exact volcanic setting,KILAUEA-KI-76-1-40,,,one Table 1 core specimen,effective_connected_porosity,vesicle/crack-accessible bulk porosity,individual table value,12.5,,,,,percent,water-accessible porosity PH2O after saturation at about one atmosphere,helium and water saturation,individual core specimen,,core depth 39.04 m,"Johnson 1980, USGS Professional Paper 1123-B, Table 1",,Accessible porosity; no pore-size distribution is asserted. Helium and water values remain separate.
LITM-0338,selected_literature_outside_detailed_m3,LIT-020,Johnson (1980),basalt/volcanic rock,natural Kilauea Iki drill-core basalt; depth/vesicularity variable,"Kilauea Iki drill hole KI-76-1, Hawaii",exact volcanic setting,KILAUEA-KI-76-1-41,,,one Table 1 core specimen,total_porosity,vesicle/crack-accessible bulk porosity,individual table value,5.42,,,,,percent,helium-accessible porosity PHe,helium and water saturation,individual core specimen,,core depth 39.80 m,"Johnson 1980, USGS Professional Paper 1123-B, Table 1",,Accessible porosity; no pore-size distribution is asserted. Helium and water values remain separate.
LITM-0339,selected_literature_outside_detailed_m3,LIT-020,Johnson (1980),basalt/volcanic rock,natural Kilauea Iki drill-core basalt; depth/vesicularity variable,"Kilauea Iki drill hole KI-76-1, Hawaii",exact volcanic setting,KILAUEA-KI-76-1-41,,,one Table 1 core specimen,effective_connected_porosity,vesicle/crack-accessible bulk porosity,individual table value,5.04,,,,,percent,water-accessible porosity PH2O after saturation at about one atmosphere,helium and water saturation,individual core specimen,,core depth 39.80 m,"Johnson 1980, USGS Professional Paper 1123-B, Table 1",,Accessible porosity; no pore-size distribution is asserted. Helium and water values remain separate.
LITM-0340,selected_literature_outside_detailed_m3,LIT-020,Johnson (1980),basalt/volcanic rock,natural Kilauea Iki drill-core basalt; depth/vesicularity variable,"Kilauea Iki drill hole KI-76-1, Hawaii",exact volcanic setting,KILAUEA-KI-76-1-42,,,one Table 1 core specimen,total_porosity,vesicle/crack-accessible bulk porosity,individual table value,5.95,,,,,percent,helium-accessible porosity PHe,helium and water saturation,individual core specimen,,core depth 41.17 m,"Johnson 1980, USGS Professional Paper 1123-B, Table 1",,Accessible porosity; no pore-size distribution is asserted. Helium and water values remain separate.
LITM-0341,selected_literature_outside_detailed_m3,LIT-020,Johnson (1980),basalt/volcanic rock,natural Kilauea Iki drill-core basalt; depth/vesicularity variable,"Kilauea Iki drill hole KI-76-1, Hawaii",exact volcanic setting,KILAUEA-KI-76-1-42,,,one Table 1 core specimen,effective_connected_porosity,vesicle/crack-accessible bulk porosity,individual table value,4.51,,,,,percent,water-accessible porosity PH2O after saturation at about one atmosphere,helium and water saturation,individual core specimen,,core depth 41.17 m,"Johnson 1980, USGS Professional Paper 1123-B, Table 1",,Accessible porosity; no pore-size distribution is asserted. Helium and water values remain separate.
LITM-0342,selected_literature_outside_detailed_m3,LIT-020,Johnson (1980),basalt/volcanic rock,natural Kilauea Iki drill-core basalt; depth/vesicularity variable,"Kilauea Iki drill hole KI-76-1, Hawaii",exact volcanic setting,KILAUEA-KI-76-1-43,,,one Table 1 core specimen,total_porosity,vesicle/crack-accessible bulk porosity,individual table value,5.42,,,,,percent,helium-accessible porosity PHe,helium and water saturation,individual core specimen,,core depth 42.11 m,"Johnson 1980, USGS Professional Paper 1123-B, Table 1",,Accessible porosity; no pore-size distribution is asserted. Helium and water values remain separate.
LITM-0343,selected_literature_outside_detailed_m3,LIT-020,Johnson (1980),basalt/volcanic rock,natural Kilauea Iki drill-core basalt; depth/vesicularity variable,"Kilauea Iki drill hole KI-76-1, Hawaii",exact volcanic setting,KILAUEA-KI-76-1-43,,,one Table 1 core specimen,effective_connected_porosity,vesicle/crack-accessible bulk porosity,individual table value,4.54,,,,,percent,water-accessible porosity PH2O after saturation at about one atmosphere,helium and water saturation,individual core specimen,,core depth 42.11 m,"Johnson 1980, USGS Professional Paper 1123-B, Table 1",,Accessible porosity; no pore-size distribution is asserted. Helium and water values remain separate.
LITM-0344,selected_literature_outside_detailed_m3,LIT-020,Johnson (1980),basalt/volcanic rock,natural Kilauea Iki drill-core basalt; depth/vesicularity variable,"Kilauea Iki drill hole KI-76-1, Hawaii",exact volcanic setting,KILAUEA-KI-76-1-44,,,one Table 1 core specimen,total_porosity,vesicle/crack-accessible bulk porosity,individual table value,7.47,,,,,percent,helium-accessible porosity PHe,helium and water saturation,individual core specimen,,core depth 43.03 m,"Johnson 1980, USGS Professional Paper 1123-B, Table 1",,Accessible porosity; no pore-size distribution is asserted. Helium and water values remain separate.
LITM-0345,selected_literature_outside_detailed_m3,LIT-020,Johnson (1980),basalt/volcanic rock,natural Kilauea Iki drill-core basalt; depth/vesicularity variable,"Kilauea Iki drill hole KI-76-1, Hawaii",exact volcanic setting,KILAUEA-KI-76-1-44,,,one Table 1 core specimen,effective_connected_porosity,vesicle/crack-accessible bulk porosity,individual table value,4.94,,,,,percent,water-accessible porosity PH2O after saturation at about one atmosphere,helium and water saturation,individual core specimen,,core depth 43.03 m,"Johnson 1980, USGS Professional Paper 1123-B, Table 1",,Accessible porosity; no pore-size distribution is asserted. Helium and water values remain separate.
